datetime_UTC,num_dets (1800of1800),num_dets (300of1800),num_dets (60of360)
2022-07-26 00:30:00,0.0,0.0,0.0
2022-07-26 01:00:00,1.0,1.0,0.0
2022-07-26 01:30:00,0.0,0.0,0.0
2022-07-26 02:00:00,1.0,1.0,0.0
2022-07-26 02:30:00,0.0,0.0,0.0
2022-07-26 03:00:00,1.0,1.0,1.0
2022-07-26 03:30:00,0.0,0.0,0.0
2022-07-26 04:00:00,1.0,1.0,1.0
2022-07-26 04:30:00,249.0,8.0,5.0
2022-07-26 05:00:00,1656.0,258.0,279.0
2022-07-26 05:30:00,1325.0,334.0,122.0
2022-07-26 06:00:00,559.0,49.0,152.0
2022-07-26 06:30:00,412.0,21.0,19.0
2022-07-26 07:00:00,222.0,70.0,60.0
2022-07-26 07:30:00,173.0,13.0,20.0
2022-07-26 08:00:00,123.0,20.0,9.0
2022-07-26 08:30:00,24.0,0.0,16.0
2022-07-26 09:00:00,140.0,0.0,1.0
2022-07-26 09:30:00,202.0,0.0,13.0
2022-07-26 10:00:00,245.0,1.0,36.0
2022-07-26 10:30:00,191.0,4.0,42.0
2022-07-26 11:00:00,84.0,26.0,29.0
2022-07-26 11:30:00,5.0,2.0,1.0
2022-07-26 12:00:00,0.0,0.0,0.0
2022-07-26 12:30:00,1.0,0.0,0.0
2022-07-26 13:00:00,0.0,0.0,0.0
2022-07-26 13:30:00,1.0,0.0,0.0
2022-07-26 14:00:00,1.0,0.0,0.0
2022-07-26 14:30:00,1.0,0.0,0.0
2022-07-26 15:00:00,0.0,0.0,0.0
2022-07-26 15:30:00,1.0,0.0,0.0
2022-07-27 00:00:00,1.0,1.0,0.0
2022-07-27 00:30:00,0.0,0.0,0.0
2022-07-27 01:00:00,1.0,1.0,1.0
2022-07-27 01:30:00,1.0,0.0,0.0
2022-07-27 02:00:00,0.0,0.0,0.0
2022-07-27 02:30:00,1.0,0.0,0.0
2022-07-27 03:00:00,3.0,0.0,0.0
2022-07-27 03:30:00,0.0,0.0,0.0
2022-07-27 04:00:00,2.0,0.0,0.0
2022-07-27 04:30:00,139.0,0.0,10.0
2022-07-27 05:00:00,341.0,30.0,100.0
2022-07-27 05:30:00,394.0,78.0,75.0
2022-07-27 06:00:00,273.0,154.0,102.0
2022-07-27 06:30:00,119.0,51.0,69.0
2022-07-27 07:00:00,216.0,0.0,76.0
2022-07-27 07:30:00,1233.0,2.0,31.0
2022-07-27 08:00:00,1336.0,685.0,267.0
2022-07-27 08:30:00,793.0,12.0,210.0
2022-07-27 09:00:00,171.0,98.0,9.0
2022-07-27 09:30:00,86.0,28.0,0.0
2022-07-27 10:00:00,405.0,21.0,65.0
2022-07-27 10:30:00,76.0,5.0,4.0
2022-07-27 11:00:00,394.0,65.0,107.0
2022-07-27 11:30:00,38.0,0.0,0.0
2022-07-27 12:00:00,0.0,0.0,0.0
2022-07-27 12:30:00,1.0,0.0,0.0
2022-07-27 13:00:00,0.0,0.0,0.0
2022-07-27 13:30:00,1.0,0.0,0.0
2022-07-27 14:00:00,1.0,0.0,0.0
2022-07-27 14:30:00,0.0,0.0,0.0
2022-07-27 15:00:00,1.0,0.0,1.0
2022-07-27 15:30:00,0.0,0.0,0.0
2022-07-28 00:00:00,2.0,0.0,1.0
2022-07-28 00:30:00,0.0,0.0,0.0
2022-07-28 01:00:00,1.0,0.0,0.0
2022-07-28 01:30:00,0.0,0.0,0.0
2022-07-28 02:00:00,1.0,0.0,0.0
2022-07-28 02:30:00,0.0,0.0,0.0
2022-07-28 03:00:00,0.0,0.0,0.0
2022-07-28 03:30:00,0.0,0.0,0.0
2022-07-28 04:00:00,1.0,0.0,1.0
2022-07-28 04:30:00,209.0,0.0,72.0
2022-07-28 05:00:00,342.0,187.0,20.0
2022-07-28 05:30:00,361.0,11.0,91.0
2022-07-28 06:00:00,324.0,55.0,0.0
2022-07-28 06:30:00,121.0,5.0,27.0
2022-07-28 07:00:00,524.0,10.0,47.0
2022-07-28 07:30:00,108.0,30.0,55.0
2022-07-28 08:00:00,70.0,11.0,15.0
2022-07-28 08:30:00,130.0,2.0,2.0
2022-07-28 09:00:00,181.0,14.0,0.0
2022-07-28 09:30:00,37.0,4.0,8.0
2022-07-28 10:00:00,500.0,40.0,41.0
2022-07-28 10:30:00,118.0,41.0,7.0
2022-07-28 11:00:00,117.0,43.0,22.0
2022-07-28 11:30:00,20.0,17.0,2.0
2022-07-28 12:00:00,1.0,0.0,0.0
2022-07-28 12:30:00,1.0,0.0,0.0
2022-07-28 13:00:00,1.0,0.0,0.0
2022-07-28 13:30:00,0.0,0.0,0.0
2022-07-28 14:00:00,1.0,0.0,0.0
2022-07-28 14:30:00,0.0,0.0,0.0
2022-07-28 15:00:00,0.0,0.0,0.0
2022-07-28 15:30:00,1.0,1.0,1.0
2022-07-29 00:00:00,,,
2022-07-29 00:30:00,,,
2022-07-29 01:00:00,,,
2022-07-29 01:30:00,,,
2022-07-29 02:00:00,0.0,0.0,0.0
2022-07-29 02:30:00,0.0,0.0,0.0
2022-07-29 03:00:00,2.0,0.0,0.0
2022-07-29 03:30:00,1.0,0.0,0.0
2022-07-29 04:00:00,1.0,0.0,1.0
2022-07-29 04:30:00,312.0,39.0,0.0
2022-07-29 05:00:00,1834.0,14.0,215.0
2022-07-29 05:30:00,490.0,122.0,77.0
2022-07-29 06:00:00,253.0,16.0,22.0
2022-07-29 06:30:00,187.0,0.0,73.0
2022-07-29 07:00:00,59.0,13.0,7.0
2022-07-29 07:30:00,588.0,125.0,131.0
2022-07-29 08:00:00,612.0,191.0,182.0
2022-07-29 08:30:00,250.0,107.0,30.0
2022-07-29 09:00:00,351.0,119.0,49.0
2022-07-29 09:30:00,211.0,8.0,37.0
2022-07-29 10:00:00,298.0,3.0,24.0
2022-07-29 10:30:00,541.0,0.0,121.0
2022-07-29 11:00:00,247.0,46.0,47.0
2022-07-29 11:30:00,72.0,14.0,23.0
2022-07-29 12:00:00,0.0,0.0,0.0
2022-07-29 12:30:00,0.0,0.0,0.0
2022-07-29 13:00:00,0.0,0.0,0.0
2022-07-29 13:30:00,0.0,0.0,0.0
2022-07-29 14:00:00,1.0,0.0,0.0
2022-07-29 14:30:00,1.0,1.0,0.0
2022-07-29 15:00:00,0.0,0.0,0.0
2022-07-29 15:30:00,2.0,0.0,1.0
2022-07-30 00:00:00,0.0,0.0,0.0
2022-07-30 00:30:00,0.0,0.0,0.0
2022-07-30 01:00:00,1.0,0.0,1.0
2022-07-30 01:30:00,0.0,0.0,0.0
2022-07-30 02:00:00,0.0,0.0,0.0
2022-07-30 02:30:00,0.0,0.0,0.0
2022-07-30 03:00:00,0.0,0.0,0.0
2022-07-30 03:30:00,0.0,0.0,0.0
2022-07-30 04:00:00,0.0,0.0,0.0
2022-07-30 04:30:00,346.0,0.0,17.0
2022-07-30 05:00:00,1126.0,342.0,65.0
2022-07-30 05:30:00,360.0,44.0,8.0
2022-07-30 06:00:00,304.0,21.0,72.0
2022-07-30 06:30:00,472.0,55.0,128.0
2022-07-30 07:00:00,973.0,112.0,246.0
2022-07-30 07:30:00,181.0,0.0,41.0
2022-07-30 08:00:00,343.0,48.0,145.0
2022-07-30 08:30:00,221.0,52.0,52.0
2022-07-30 09:00:00,88.0,0.0,13.0
2022-07-30 09:30:00,26.0,0.0,0.0
2022-07-30 10:00:00,445.0,26.0,54.0
2022-07-30 10:30:00,577.0,80.0,62.0
2022-07-30 11:00:00,106.0,4.0,48.0
2022-07-30 11:30:00,439.0,0.0,31.0
2022-07-30 12:00:00,148.0,0.0,145.0
2022-07-30 12:30:00,1.0,0.0,0.0
2022-07-30 13:00:00,1.0,0.0,1.0
2022-07-30 13:30:00,1.0,0.0,0.0
2022-07-30 14:00:00,1.0,0.0,0.0
2022-07-30 14:30:00,1.0,0.0,1.0
2022-07-30 15:00:00,1.0,0.0,0.0
2022-07-30 15:30:00,1.0,0.0,0.0
2022-07-31 00:00:00,1.0,0.0,0.0
2022-07-31 00:30:00,1.0,0.0,0.0
2022-07-31 01:00:00,0.0,0.0,0.0
2022-07-31 01:30:00,0.0,0.0,0.0
2022-07-31 02:00:00,1.0,0.0,1.0
2022-07-31 02:30:00,1.0,0.0,0.0
2022-07-31 03:00:00,0.0,0.0,0.0
2022-07-31 03:30:00,2.0,1.0,0.0
2022-07-31 04:00:00,0.0,0.0,0.0
2022-07-31 04:30:00,470.0,83.0,58.0
2022-07-31 05:00:00,954.0,278.0,55.0
2022-07-31 05:30:00,844.0,583.0,148.0
2022-07-31 06:00:00,174.0,59.0,27.0
2022-07-31 06:30:00,350.0,71.0,13.0
2022-07-31 07:00:00,156.0,70.0,51.0
2022-07-31 07:30:00,137.0,0.0,0.0
2022-07-31 08:00:00,246.0,7.0,72.0
2022-07-31 08:30:00,83.0,16.0,18.0
2022-07-31 09:00:00,333.0,34.0,43.0
2022-07-31 09:30:00,157.0,28.0,21.0
2022-07-31 10:00:00,200.0,2.0,40.0
2022-07-31 10:30:00,200.0,39.0,112.0
2022-07-31 11:00:00,299.0,19.0,32.0
2022-07-31 11:30:00,108.0,6.0,5.0
2022-07-31 12:00:00,24.0,22.0,0.0
2022-07-31 12:30:00,1.0,0.0,1.0
2022-07-31 13:00:00,0.0,0.0,0.0
2022-07-31 13:30:00,0.0,0.0,0.0
2022-07-31 14:00:00,0.0,0.0,0.0
2022-07-31 14:30:00,1.0,0.0,1.0
2022-07-31 15:00:00,1.0,0.0,0.0
2022-07-31 15:30:00,5.0,1.0,3.0
2022-08-01 00:00:00,2.0,0.0,0.0
2022-08-01 00:30:00,3.0,0.0,1.0
2022-08-01 01:00:00,2.0,0.0,1.0
2022-08-01 01:30:00,0.0,0.0,0.0
2022-08-01 02:00:00,1.0,0.0,0.0
2022-08-01 02:30:00,0.0,0.0,0.0
2022-08-01 03:00:00,0.0,0.0,0.0
2022-08-01 03:30:00,1.0,1.0,0.0
2022-08-01 04:00:00,1.0,0.0,0.0
2022-08-01 04:30:00,256.0,0.0,77.0
2022-08-01 05:00:00,352.0,121.0,2.0
2022-08-01 05:30:00,87.0,0.0,8.0
2022-08-01 06:00:00,394.0,77.0,47.0
2022-08-01 06:30:00,125.0,45.0,27.0
2022-08-01 07:00:00,217.0,29.0,3.0
2022-08-01 07:30:00,114.0,1.0,75.0
2022-08-01 08:00:00,58.0,27.0,0.0
2022-08-01 08:30:00,258.0,0.0,17.0
2022-08-01 09:00:00,89.0,38.0,5.0
2022-08-01 09:30:00,223.0,63.0,11.0
2022-08-01 10:00:00,331.0,91.0,80.0
2022-08-01 10:30:00,191.0,47.0,78.0
2022-08-01 11:00:00,242.0,0.0,94.0
2022-08-01 11:30:00,73.0,12.0,36.0
2022-08-01 12:00:00,4.0,0.0,0.0
2022-08-01 12:30:00,3.0,1.0,0.0
2022-08-01 13:00:00,1.0,0.0,0.0
2022-08-01 13:30:00,4.0,0.0,0.0
2022-08-01 14:00:00,2.0,1.0,0.0
2022-08-01 14:30:00,1.0,0.0,0.0
2022-08-01 15:00:00,1.0,0.0,0.0
2022-08-01 15:30:00,1.0,0.0,0.0
2022-08-02 00:00:00,0.0,0.0,0.0
2022-08-02 00:30:00,1.0,0.0,0.0
2022-08-02 01:00:00,0.0,0.0,0.0
2022-08-02 01:30:00,0.0,0.0,0.0
2022-08-02 02:00:00,0.0,0.0,0.0
2022-08-02 02:30:00,0.0,0.0,0.0
2022-08-02 03:00:00,0.0,0.0,0.0
2022-08-02 03:30:00,0.0,0.0,0.0
2022-08-02 04:00:00,0.0,0.0,0.0
2022-08-02 04:30:00,411.0,40.0,51.0
2022-08-02 05:00:00,704.0,111.0,56.0
2022-08-02 05:30:00,1892.0,200.0,200.0
2022-08-02 06:00:00,2321.0,434.0,342.0
2022-08-02 06:30:00,1934.0,400.0,307.0
2022-08-02 07:00:00,1715.0,321.0,207.0
2022-08-02 07:30:00,1277.0,324.0,251.0
2022-08-02 08:00:00,987.0,117.0,145.0
2022-08-02 08:30:00,2793.0,1032.0,510.0
2022-08-02 09:00:00,916.0,311.0,228.0
2022-08-02 09:30:00,383.0,114.0,51.0
2022-08-02 10:00:00,188.0,78.0,10.0
2022-08-02 10:30:00,44.0,44.0,28.0
2022-08-02 11:00:00,383.0,15.0,4.0
2022-08-02 11:30:00,69.0,41.0,25.0
2022-08-02 12:00:00,29.0,22.0,7.0
2022-08-02 12:30:00,1.0,0.0,0.0
2022-08-02 13:00:00,0.0,0.0,0.0
2022-08-02 13:30:00,0.0,0.0,0.0
2022-08-02 14:00:00,0.0,0.0,0.0
2022-08-02 14:30:00,0.0,0.0,0.0
2022-08-02 15:00:00,0.0,0.0,0.0
2022-08-02 15:30:00,0.0,0.0,0.0
2022-08-03 00:00:00,0.0,0.0,0.0
2022-08-03 00:30:00,0.0,0.0,0.0
2022-08-03 01:00:00,0.0,0.0,0.0
2022-08-03 01:30:00,0.0,0.0,0.0
2022-08-03 02:00:00,0.0,0.0,0.0
2022-08-03 02:30:00,0.0,0.0,0.0
2022-08-03 03:00:00,0.0,0.0,0.0
2022-08-03 03:30:00,1.0,0.0,0.0
2022-08-03 04:00:00,1.0,0.0,0.0
2022-08-03 04:30:00,2587.0,94.0,455.0
2022-08-03 05:00:00,154.0,23.0,55.0
2022-08-03 05:30:00,32.0,0.0,2.0
2022-08-03 06:00:00,142.0,0.0,0.0
2022-08-03 06:30:00,72.0,0.0,21.0
2022-08-03 07:00:00,67.0,13.0,4.0
2022-08-03 07:30:00,38.0,0.0,0.0
2022-08-03 08:00:00,52.0,24.0,8.0
2022-08-03 08:30:00,229.0,6.0,21.0
2022-08-03 09:00:00,218.0,24.0,55.0
2022-08-03 09:30:00,148.0,25.0,4.0
2022-08-03 10:00:00,139.0,10.0,30.0
2022-08-03 10:30:00,141.0,13.0,16.0
2022-08-03 11:00:00,809.0,1.0,162.0
2022-08-03 11:30:00,186.0,107.0,77.0
2022-08-03 12:00:00,0.0,0.0,0.0
2022-08-03 12:30:00,0.0,0.0,0.0
2022-08-03 13:00:00,0.0,0.0,0.0
2022-08-03 13:30:00,0.0,0.0,0.0
2022-08-03 14:00:00,0.0,0.0,0.0
2022-08-03 14:30:00,0.0,0.0,0.0
2022-08-03 15:00:00,0.0,0.0,0.0
2022-08-03 15:30:00,0.0,0.0,0.0
2022-08-04 00:00:00,0.0,0.0,0.0
2022-08-04 00:30:00,0.0,0.0,0.0
2022-08-04 01:00:00,0.0,0.0,0.0
2022-08-04 01:30:00,0.0,0.0,0.0
2022-08-04 02:00:00,0.0,0.0,0.0
2022-08-04 02:30:00,0.0,0.0,0.0
2022-08-04 03:00:00,0.0,0.0,0.0
2022-08-04 03:30:00,0.0,0.0,0.0
2022-08-04 04:00:00,74.0,0.0,0.0
2022-08-04 04:30:00,2803.0,178.0,255.0
2022-08-04 05:00:00,3983.0,641.0,591.0
2022-08-04 05:30:00,3746.0,362.0,755.0
2022-08-04 06:00:00,1589.0,388.0,237.0
2022-08-04 06:30:00,1032.0,209.0,137.0
2022-08-04 07:00:00,1201.0,68.0,241.0
2022-08-04 07:30:00,288.0,197.0,30.0
2022-08-04 08:00:00,228.0,26.0,53.0
2022-08-04 08:30:00,204.0,0.0,44.0
2022-08-04 09:00:00,664.0,101.0,74.0
2022-08-04 09:30:00,0.0,0.0,0.0
2022-08-04 10:00:00,29.0,0.0,0.0
2022-08-04 10:30:00,111.0,0.0,17.0
2022-08-04 11:00:00,57.0,0.0,0.0
2022-08-04 11:30:00,143.0,142.0,117.0
2022-08-04 12:00:00,25.0,0.0,0.0
2022-08-04 12:30:00,0.0,0.0,0.0
2022-08-04 13:00:00,0.0,0.0,0.0
2022-08-04 13:30:00,0.0,0.0,0.0
2022-08-04 14:00:00,0.0,0.0,0.0
2022-08-04 14:30:00,0.0,0.0,0.0
2022-08-04 15:00:00,0.0,0.0,0.0
2022-08-04 15:30:00,0.0,0.0,0.0
2022-08-05 00:00:00,1.0,0.0,1.0
2022-08-05 00:30:00,0.0,0.0,0.0
2022-08-05 01:00:00,0.0,0.0,0.0
2022-08-05 01:30:00,1.0,1.0,0.0
2022-08-05 02:00:00,0.0,0.0,0.0
2022-08-05 02:30:00,1.0,0.0,0.0
2022-08-05 03:00:00,1.0,0.0,1.0
2022-08-05 03:30:00,0.0,0.0,0.0
2022-08-05 04:00:00,689.0,0.0,31.0
2022-08-05 04:30:00,3877.0,1001.0,656.0
2022-08-05 05:00:00,252.0,142.0,43.0
2022-08-05 05:30:00,147.0,1.0,4.0
2022-08-05 06:00:00,180.0,33.0,6.0
2022-08-05 06:30:00,241.0,67.0,136.0
2022-08-05 07:00:00,54.0,24.0,0.0
2022-08-05 07:30:00,233.0,0.0,7.0
2022-08-05 08:00:00,43.0,7.0,0.0
2022-08-05 08:30:00,42.0,6.0,33.0
2022-08-05 09:00:00,45.0,0.0,0.0
2022-08-05 09:30:00,68.0,0.0,0.0
2022-08-05 10:00:00,13.0,0.0,0.0
2022-08-05 10:30:00,54.0,37.0,0.0
2022-08-05 11:00:00,0.0,0.0,0.0
2022-08-05 11:30:00,102.0,0.0,25.0
2022-08-05 12:00:00,0.0,0.0,0.0
2022-08-05 12:30:00,0.0,0.0,0.0
2022-08-05 13:00:00,0.0,0.0,0.0
2022-08-05 13:30:00,1.0,0.0,0.0
2022-08-05 14:00:00,3.0,0.0,0.0
2022-08-05 14:30:00,0.0,0.0,0.0
2022-08-05 15:00:00,0.0,0.0,0.0
2022-08-05 15:30:00,0.0,0.0,0.0
2022-08-06 00:00:00,1.0,1.0,0.0
2022-08-06 00:30:00,0.0,0.0,0.0
2022-08-06 01:00:00,0.0,0.0,0.0
2022-08-06 01:30:00,0.0,0.0,0.0
2022-08-06 02:00:00,0.0,0.0,0.0
2022-08-06 02:30:00,0.0,0.0,0.0
2022-08-06 03:00:00,0.0,0.0,0.0
2022-08-06 03:30:00,0.0,0.0,0.0
2022-08-06 04:00:00,275.0,0.0,10.0
2022-08-06 04:30:00,1595.0,338.0,212.0
2022-08-06 05:00:00,1101.0,178.0,137.0
2022-08-06 05:30:00,817.0,165.0,144.0
2022-08-06 06:00:00,398.0,93.0,91.0
2022-08-06 06:30:00,125.0,28.0,20.0
2022-08-06 07:00:00,177.0,33.0,24.0
2022-08-06 07:30:00,472.0,6.0,63.0
2022-08-06 08:00:00,73.0,23.0,24.0
2022-08-06 08:30:00,78.0,10.0,27.0
2022-08-06 09:00:00,10.0,0.0,0.0
2022-08-06 09:30:00,59.0,0.0,0.0
2022-08-06 10:00:00,13.0,0.0,13.0
2022-08-06 10:30:00,31.0,23.0,0.0
2022-08-06 11:00:00,13.0,0.0,0.0
2022-08-06 11:30:00,14.0,0.0,14.0
2022-08-06 12:00:00,0.0,0.0,0.0
2022-08-06 12:30:00,0.0,0.0,0.0
2022-08-06 13:00:00,0.0,0.0,0.0
2022-08-06 13:30:00,0.0,0.0,0.0
2022-08-06 14:00:00,1.0,0.0,0.0
2022-08-06 14:30:00,0.0,0.0,0.0
2022-08-06 15:00:00,0.0,0.0,0.0
2022-08-06 15:30:00,0.0,0.0,0.0
2022-08-07 00:00:00,0.0,0.0,0.0
2022-08-07 00:30:00,0.0,0.0,0.0
2022-08-07 01:00:00,0.0,0.0,0.0
2022-08-07 01:30:00,0.0,0.0,0.0
2022-08-07 02:00:00,1.0,0.0,0.0
2022-08-07 02:30:00,0.0,0.0,0.0
2022-08-07 03:00:00,0.0,0.0,0.0
2022-08-07 03:30:00,0.0,0.0,0.0
2022-08-07 04:00:00,337.0,0.0,4.0
2022-08-07 04:30:00,1305.0,500.0,235.0
2022-08-07 05:00:00,805.0,253.0,132.0
2022-08-07 05:30:00,1370.0,240.0,264.0
2022-08-07 06:00:00,2162.0,440.0,357.0
2022-08-07 06:30:00,1157.0,131.0,185.0
2022-08-07 07:00:00,1014.0,70.0,189.0
2022-08-07 07:30:00,37.0,2.0,5.0
2022-08-07 08:00:00,47.0,0.0,0.0
2022-08-07 08:30:00,78.0,0.0,0.0
2022-08-07 09:00:00,35.0,0.0,0.0
2022-08-07 09:30:00,62.0,19.0,0.0
2022-08-07 10:00:00,74.0,10.0,7.0
2022-08-07 10:30:00,129.0,17.0,11.0
2022-08-07 11:00:00,6.0,0.0,0.0
2022-08-07 11:30:00,27.0,17.0,0.0
2022-08-07 12:00:00,106.0,0.0,31.0
2022-08-07 12:30:00,0.0,0.0,0.0
2022-08-07 13:00:00,0.0,0.0,0.0
2022-08-07 13:30:00,0.0,0.0,0.0
2022-08-07 14:00:00,0.0,0.0,0.0
2022-08-07 14:30:00,0.0,0.0,0.0
2022-08-07 15:00:00,0.0,0.0,0.0
2022-08-07 15:30:00,0.0,0.0,0.0
2022-08-08 00:00:00,0.0,0.0,0.0
2022-08-08 00:30:00,0.0,0.0,0.0
2022-08-08 01:00:00,0.0,0.0,0.0
2022-08-08 01:30:00,0.0,0.0,0.0
2022-08-08 02:00:00,0.0,0.0,0.0
2022-08-08 02:30:00,0.0,0.0,0.0
2022-08-08 03:00:00,0.0,0.0,0.0
2022-08-08 03:30:00,0.0,0.0,0.0
2022-08-08 04:00:00,191.0,0.0,14.0
2022-08-08 04:30:00,2857.0,13.0,439.0
2022-08-08 05:00:00,444.0,33.0,29.0
2022-08-08 05:30:00,379.0,2.0,70.0
2022-08-08 06:00:00,317.0,31.0,95.0
2022-08-08 06:30:00,327.0,63.0,58.0
2022-08-08 07:00:00,697.0,113.0,174.0
2022-08-08 07:30:00,471.0,34.0,101.0
2022-08-08 08:00:00,361.0,138.0,79.0
2022-08-08 08:30:00,63.0,5.0,4.0
2022-08-08 09:00:00,78.0,6.0,9.0
2022-08-08 09:30:00,189.0,131.0,1.0
2022-08-08 10:00:00,10.0,0.0,0.0
2022-08-08 10:30:00,91.0,27.0,0.0
2022-08-08 11:00:00,34.0,0.0,3.0
2022-08-08 11:30:00,90.0,0.0,30.0
2022-08-08 12:00:00,81.0,0.0,0.0
2022-08-08 12:30:00,0.0,0.0,0.0
2022-08-08 13:00:00,0.0,0.0,0.0
2022-08-08 13:30:00,0.0,0.0,0.0
2022-08-08 14:00:00,0.0,0.0,0.0
2022-08-08 14:30:00,0.0,0.0,0.0
2022-08-08 15:00:00,0.0,0.0,0.0
2022-08-08 15:30:00,0.0,0.0,0.0
2022-08-09 00:00:00,0.0,0.0,0.0
2022-08-09 00:30:00,0.0,0.0,0.0
2022-08-09 01:00:00,0.0,0.0,0.0
2022-08-09 01:30:00,0.0,0.0,0.0
2022-08-09 02:00:00,0.0,0.0,0.0
2022-08-09 02:30:00,0.0,0.0,0.0
2022-08-09 03:00:00,0.0,0.0,0.0
2022-08-09 03:30:00,0.0,0.0,0.0
2022-08-09 04:00:00,15.0,0.0,2.0
2022-08-09 04:30:00,283.0,9.0,17.0
2022-08-09 05:00:00,657.0,40.0,59.0
2022-08-09 05:30:00,517.0,176.0,86.0
2022-08-09 06:00:00,108.0,31.0,0.0
2022-08-09 06:30:00,186.0,6.0,19.0
2022-08-09 07:00:00,196.0,22.0,38.0
2022-08-09 07:30:00,175.0,2.0,12.0
2022-08-09 08:00:00,207.0,74.0,90.0
2022-08-09 08:30:00,204.0,0.0,18.0
2022-08-09 09:00:00,108.0,42.0,36.0
2022-08-09 09:30:00,158.0,0.0,90.0
2022-08-09 10:00:00,117.0,48.0,22.0
2022-08-09 10:30:00,40.0,30.0,1.0
2022-08-09 11:00:00,89.0,0.0,0.0
2022-08-09 11:30:00,31.0,0.0,0.0
2022-08-09 12:00:00,49.0,0.0,0.0
2022-08-09 12:30:00,0.0,0.0,0.0
2022-08-09 13:00:00,0.0,0.0,0.0
2022-08-09 13:30:00,0.0,0.0,0.0
2022-08-09 14:00:00,0.0,0.0,0.0
2022-08-09 14:30:00,0.0,0.0,0.0
2022-08-09 15:00:00,0.0,0.0,0.0
2022-08-09 15:30:00,0.0,0.0,0.0
2022-08-10 00:00:00,0.0,0.0,0.0
2022-08-10 00:30:00,0.0,0.0,0.0
2022-08-10 01:00:00,0.0,0.0,0.0
2022-08-10 01:30:00,0.0,0.0,0.0
2022-08-10 02:00:00,0.0,0.0,0.0
2022-08-10 02:30:00,0.0,0.0,0.0
2022-08-10 03:00:00,0.0,0.0,0.0
2022-08-10 03:30:00,0.0,0.0,0.0
2022-08-10 04:00:00,241.0,0.0,11.0
2022-08-10 04:30:00,997.0,72.0,62.0
2022-08-10 05:00:00,1029.0,346.0,91.0
2022-08-10 05:30:00,2394.0,257.0,537.0
2022-08-10 06:00:00,2336.0,364.0,417.0
2022-08-10 06:30:00,116.0,48.0,1.0
2022-08-10 07:00:00,116.0,22.0,1.0
2022-08-10 07:30:00,83.0,2.0,29.0
2022-08-10 08:00:00,106.0,0.0,33.0
2022-08-10 08:30:00,51.0,0.0,45.0
2022-08-10 09:00:00,76.0,5.0,15.0
2022-08-10 09:30:00,116.0,0.0,18.0
2022-08-10 10:00:00,201.0,9.0,0.0
2022-08-10 10:30:00,115.0,8.0,54.0
2022-08-10 11:00:00,57.0,0.0,21.0
2022-08-10 11:30:00,0.0,0.0,0.0
2022-08-10 12:00:00,195.0,0.0,1.0
2022-08-10 12:30:00,0.0,0.0,0.0
2022-08-10 13:00:00,0.0,0.0,0.0
2022-08-10 13:30:00,0.0,0.0,0.0
2022-08-10 14:00:00,0.0,0.0,0.0
2022-08-10 14:30:00,0.0,0.0,0.0
2022-08-10 15:00:00,0.0,0.0,0.0
2022-08-10 15:30:00,0.0,0.0,0.0
2022-08-11 00:00:00,0.0,0.0,0.0
2022-08-11 00:30:00,0.0,0.0,0.0
2022-08-11 01:00:00,0.0,0.0,0.0
2022-08-11 01:30:00,0.0,0.0,0.0
2022-08-11 02:00:00,0.0,0.0,0.0
2022-08-11 02:30:00,0.0,0.0,0.0
2022-08-11 03:00:00,0.0,0.0,0.0
2022-08-11 03:30:00,0.0,0.0,0.0
2022-08-11 04:00:00,844.0,13.0,107.0
2022-08-11 04:30:00,2053.0,557.0,558.0
2022-08-11 05:00:00,1886.0,269.0,188.0
2022-08-11 05:30:00,1289.0,181.0,325.0
2022-08-11 06:00:00,347.0,59.0,27.0
2022-08-11 06:30:00,683.0,126.0,35.0
2022-08-11 07:00:00,276.0,101.0,36.0
2022-08-11 07:30:00,562.0,17.0,111.0
2022-08-11 08:00:00,405.0,45.0,37.0
2022-08-11 08:30:00,99.0,37.0,13.0
2022-08-11 09:00:00,104.0,50.0,35.0
2022-08-11 09:30:00,24.0,12.0,0.0
2022-08-11 10:00:00,54.0,14.0,0.0
2022-08-11 10:30:00,72.0,0.0,54.0
2022-08-11 11:00:00,5.0,5.0,0.0
2022-08-11 11:30:00,17.0,0.0,9.0
2022-08-11 12:00:00,7.0,2.0,5.0
2022-08-11 12:30:00,0.0,0.0,0.0
2022-08-11 13:00:00,0.0,0.0,0.0
2022-08-11 13:30:00,0.0,0.0,0.0
2022-08-11 14:00:00,0.0,0.0,0.0
2022-08-11 14:30:00,0.0,0.0,0.0
2022-08-11 15:00:00,0.0,0.0,0.0
2022-08-11 15:30:00,0.0,0.0,0.0
2022-08-12 00:00:00,,,
2022-08-12 00:30:00,0.0,0.0,0.0
2022-08-12 01:00:00,0.0,0.0,0.0
2022-08-12 01:30:00,0.0,0.0,0.0
2022-08-12 02:00:00,0.0,0.0,0.0
2022-08-12 02:30:00,0.0,0.0,0.0
2022-08-12 03:00:00,0.0,0.0,0.0
2022-08-12 03:30:00,0.0,0.0,0.0
2022-08-12 04:00:00,184.0,0.0,31.0
2022-08-12 04:30:00,2084.0,120.0,357.0
2022-08-12 05:00:00,2088.0,781.0,330.0
2022-08-12 05:30:00,502.0,24.0,47.0
2022-08-12 06:00:00,390.0,73.0,5.0
2022-08-12 06:30:00,86.0,0.0,0.0
2022-08-12 07:00:00,156.0,15.0,1.0
2022-08-12 07:30:00,234.0,23.0,41.0
2022-08-12 08:00:00,22.0,7.0,7.0
2022-08-12 08:30:00,319.0,4.0,48.0
2022-08-12 09:00:00,92.0,0.0,0.0
2022-08-12 09:30:00,225.0,41.0,40.0
2022-08-12 10:00:00,10.0,0.0,10.0
2022-08-12 10:30:00,90.0,0.0,0.0
2022-08-12 11:00:00,49.0,3.0,24.0
2022-08-12 11:30:00,57.0,4.0,16.0
2022-08-12 12:00:00,1.0,0.0,0.0
2022-08-12 12:30:00,0.0,0.0,0.0
2022-08-12 13:00:00,0.0,0.0,0.0
2022-08-12 13:30:00,0.0,0.0,0.0
2022-08-12 14:00:00,0.0,0.0,0.0
2022-08-12 14:30:00,0.0,0.0,0.0
2022-08-12 15:00:00,0.0,0.0,0.0
2022-08-12 15:30:00,0.0,0.0,0.0
2022-08-13 00:00:00,2.0,0.0,0.0
2022-08-13 00:30:00,0.0,0.0,0.0
2022-08-13 01:00:00,4.0,0.0,0.0
2022-08-13 01:30:00,0.0,0.0,0.0
2022-08-13 02:00:00,1.0,0.0,0.0
2022-08-13 02:30:00,0.0,0.0,0.0
2022-08-13 03:00:00,0.0,0.0,0.0
2022-08-13 03:30:00,0.0,0.0,0.0
2022-08-13 04:00:00,1452.0,101.0,483.0
2022-08-13 04:30:00,6726.0,654.0,959.0
2022-08-13 05:00:00,6232.0,856.0,1087.0
2022-08-13 05:30:00,2853.0,452.0,448.0
2022-08-13 06:00:00,2149.0,363.0,408.0
2022-08-13 06:30:00,2053.0,448.0,416.0
2022-08-13 07:00:00,1201.0,199.0,210.0
2022-08-13 07:30:00,830.0,58.0,103.0
2022-08-13 08:00:00,677.0,7.0,150.0
2022-08-13 08:30:00,628.0,105.0,79.0
2022-08-13 09:00:00,564.0,69.0,100.0
2022-08-13 09:30:00,378.0,4.0,41.0
2022-08-13 10:00:00,588.0,138.0,94.0
2022-08-13 10:30:00,667.0,23.0,78.0
2022-08-13 11:00:00,292.0,60.0,20.0
2022-08-13 11:30:00,1217.0,237.0,73.0
2022-08-13 12:00:00,443.0,54.0,43.0
2022-08-13 12:30:00,67.0,67.0,67.0
2022-08-13 13:00:00,0.0,0.0,0.0
2022-08-13 13:30:00,0.0,0.0,0.0
2022-08-13 14:00:00,0.0,0.0,0.0
2022-08-13 14:30:00,0.0,0.0,0.0
2022-08-13 15:00:00,0.0,0.0,0.0
2022-08-13 15:30:00,1.0,1.0,0.0
2022-08-14 00:00:00,0.0,0.0,0.0
2022-08-14 00:30:00,0.0,0.0,0.0
2022-08-14 01:00:00,0.0,0.0,0.0
2022-08-14 01:30:00,0.0,0.0,0.0
2022-08-14 02:00:00,0.0,0.0,0.0
2022-08-14 02:30:00,0.0,0.0,0.0
2022-08-14 03:00:00,0.0,0.0,0.0
2022-08-14 03:30:00,0.0,0.0,0.0
2022-08-14 04:00:00,2024.0,0.0,322.0
2022-08-14 04:30:00,876.0,468.0,146.0
2022-08-14 05:00:00,338.0,9.0,10.0
2022-08-14 05:30:00,100.0,4.0,10.0
2022-08-14 06:00:00,242.0,16.0,0.0
2022-08-14 06:30:00,247.0,3.0,68.0
2022-08-14 07:00:00,445.0,118.0,66.0
2022-08-14 07:30:00,334.0,112.0,66.0
2022-08-14 08:00:00,278.0,36.0,0.0
2022-08-14 08:30:00,51.0,0.0,4.0
2022-08-14 09:00:00,47.0,0.0,2.0
2022-08-14 09:30:00,32.0,0.0,2.0
2022-08-14 10:00:00,173.0,0.0,2.0
2022-08-14 10:30:00,95.0,92.0,0.0
2022-08-14 11:00:00,56.0,0.0,2.0
2022-08-14 11:30:00,113.0,0.0,13.0
2022-08-14 12:00:00,27.0,22.0,4.0
2022-08-14 12:30:00,0.0,0.0,0.0
2022-08-14 13:00:00,1.0,0.0,0.0
2022-08-14 13:30:00,0.0,0.0,0.0
2022-08-14 14:00:00,0.0,0.0,0.0
2022-08-14 14:30:00,0.0,0.0,0.0
2022-08-14 15:00:00,0.0,0.0,0.0
2022-08-14 15:30:00,0.0,0.0,0.0
2022-08-15 00:00:00,0.0,0.0,0.0
2022-08-15 00:30:00,0.0,0.0,0.0
2022-08-15 01:00:00,0.0,0.0,0.0
2022-08-15 01:30:00,0.0,0.0,0.0
2022-08-15 02:00:00,0.0,0.0,0.0
2022-08-15 02:30:00,0.0,0.0,0.0
2022-08-15 03:00:00,0.0,0.0,0.0
2022-08-15 03:30:00,0.0,0.0,0.0
2022-08-15 04:00:00,407.0,43.0,37.0
2022-08-15 04:30:00,522.0,273.0,108.0
2022-08-15 05:00:00,74.0,2.0,1.0
2022-08-15 05:30:00,1351.0,84.0,201.0
2022-08-15 06:00:00,653.0,146.0,176.0
2022-08-15 06:30:00,660.0,177.0,191.0
2022-08-15 07:00:00,165.0,5.0,36.0
2022-08-15 07:30:00,697.0,33.0,43.0
2022-08-15 08:00:00,52.0,2.0,10.0
2022-08-15 08:30:00,47.0,4.0,35.0
2022-08-15 09:00:00,98.0,0.0,0.0
2022-08-15 09:30:00,21.0,9.0,0.0
2022-08-15 10:00:00,51.0,10.0,37.0
2022-08-15 10:30:00,32.0,5.0,30.0
2022-08-15 11:00:00,109.0,5.0,11.0
2022-08-15 11:30:00,110.0,65.0,2.0
2022-08-15 12:00:00,52.0,0.0,0.0
2022-08-15 12:30:00,0.0,0.0,0.0
2022-08-15 13:00:00,0.0,0.0,0.0
2022-08-15 13:30:00,0.0,0.0,0.0
2022-08-15 14:00:00,0.0,0.0,0.0
2022-08-15 14:30:00,0.0,0.0,0.0
2022-08-15 15:00:00,1.0,0.0,0.0
2022-08-15 15:30:00,0.0,0.0,0.0
2022-08-16 00:00:00,0.0,0.0,0.0
2022-08-16 00:30:00,0.0,0.0,0.0
2022-08-16 01:00:00,0.0,0.0,0.0
2022-08-16 01:30:00,0.0,0.0,0.0
2022-08-16 02:00:00,0.0,0.0,0.0
2022-08-16 02:30:00,0.0,0.0,0.0
2022-08-16 03:00:00,0.0,0.0,0.0
2022-08-16 03:30:00,0.0,0.0,0.0
2022-08-16 04:00:00,675.0,0.0,55.0
2022-08-16 04:30:00,837.0,186.0,130.0
2022-08-16 05:00:00,22.0,0.0,0.0
2022-08-16 05:30:00,103.0,36.0,16.0
2022-08-16 06:00:00,65.0,3.0,9.0
2022-08-16 06:30:00,109.0,0.0,54.0
2022-08-16 07:00:00,50.0,0.0,18.0
2022-08-16 07:30:00,96.0,50.0,5.0
2022-08-16 08:00:00,113.0,54.0,1.0
2022-08-16 08:30:00,39.0,34.0,0.0
2022-08-16 09:00:00,62.0,62.0,14.0
2022-08-16 09:30:00,42.0,15.0,0.0
2022-08-16 10:00:00,25.0,0.0,0.0
2022-08-16 10:30:00,31.0,11.0,0.0
2022-08-16 11:00:00,183.0,111.0,4.0
2022-08-16 11:30:00,421.0,0.0,100.0
2022-08-16 12:00:00,0.0,0.0,0.0
2022-08-16 12:30:00,0.0,0.0,0.0
2022-08-16 13:00:00,0.0,0.0,0.0
2022-08-16 13:30:00,0.0,0.0,0.0
2022-08-16 14:00:00,0.0,0.0,0.0
2022-08-16 14:30:00,0.0,0.0,0.0
2022-08-16 15:00:00,0.0,0.0,0.0
2022-08-16 15:30:00,0.0,0.0,0.0
2022-08-17 00:00:00,0.0,0.0,0.0
2022-08-17 00:30:00,1.0,0.0,0.0
2022-08-17 01:00:00,0.0,0.0,0.0
2022-08-17 01:30:00,0.0,0.0,0.0
2022-08-17 02:00:00,0.0,0.0,0.0
2022-08-17 02:30:00,0.0,0.0,0.0
2022-08-17 03:00:00,0.0,0.0,0.0
2022-08-17 03:30:00,3.0,0.0,0.0
2022-08-17 04:00:00,1372.0,99.0,317.0
2022-08-17 04:30:00,175.0,90.0,6.0
2022-08-17 05:00:00,165.0,0.0,79.0
2022-08-17 05:30:00,114.0,73.0,32.0
2022-08-17 06:00:00,122.0,5.0,0.0
2022-08-17 06:30:00,156.0,1.0,1.0
2022-08-17 07:00:00,122.0,0.0,57.0
2022-08-17 07:30:00,111.0,58.0,39.0
2022-08-17 08:00:00,29.0,2.0,13.0
2022-08-17 08:30:00,187.0,113.0,2.0
2022-08-17 09:00:00,258.0,20.0,6.0
2022-08-17 09:30:00,169.0,21.0,21.0
2022-08-17 10:00:00,622.0,187.0,96.0
2022-08-17 10:30:00,49.0,0.0,23.0
2022-08-17 11:00:00,5.0,0.0,0.0
2022-08-17 11:30:00,43.0,0.0,0.0
2022-08-17 12:00:00,64.0,0.0,0.0
2022-08-17 12:30:00,1.0,0.0,1.0
2022-08-17 13:00:00,0.0,0.0,0.0
2022-08-17 13:30:00,0.0,0.0,0.0
2022-08-17 14:00:00,0.0,0.0,0.0
2022-08-17 14:30:00,0.0,0.0,0.0
2022-08-17 15:00:00,0.0,0.0,0.0
2022-08-17 15:30:00,1.0,0.0,0.0
2022-08-18 00:00:00,0.0,0.0,0.0
2022-08-18 00:30:00,0.0,0.0,0.0
2022-08-18 01:00:00,0.0,0.0,0.0
2022-08-18 01:30:00,1.0,0.0,0.0
2022-08-18 02:00:00,0.0,0.0,0.0
2022-08-18 02:30:00,1.0,0.0,0.0
2022-08-18 03:00:00,0.0,0.0,0.0
2022-08-18 03:30:00,0.0,0.0,0.0
2022-08-18 04:00:00,218.0,2.0,15.0
2022-08-18 04:30:00,1482.0,26.0,242.0
2022-08-18 05:00:00,1442.0,345.0,186.0
2022-08-18 05:30:00,292.0,178.0,97.0
2022-08-18 06:00:00,159.0,7.0,7.0
2022-08-18 06:30:00,34.0,26.0,29.0
2022-08-18 07:00:00,639.0,0.0,194.0
2022-08-18 07:30:00,150.0,44.0,16.0
2022-08-18 08:00:00,42.0,13.0,17.0
2022-08-18 08:30:00,35.0,20.0,0.0
2022-08-18 09:00:00,218.0,0.0,52.0
2022-08-18 09:30:00,119.0,53.0,50.0
2022-08-18 10:00:00,119.0,1.0,8.0
2022-08-18 10:30:00,652.0,88.0,67.0
2022-08-18 11:00:00,229.0,33.0,92.0
2022-08-18 11:30:00,140.0,19.0,37.0
2022-08-18 12:00:00,228.0,2.0,8.0
2022-08-18 12:30:00,461.0,1.0,60.0
2022-08-18 13:00:00,0.0,0.0,0.0
2022-08-18 13:30:00,0.0,0.0,0.0
2022-08-18 14:00:00,1.0,0.0,0.0
2022-08-18 14:30:00,0.0,0.0,0.0
2022-08-18 15:00:00,0.0,0.0,0.0
2022-08-18 15:30:00,0.0,0.0,0.0
2022-08-19 00:00:00,0.0,0.0,0.0
2022-08-19 00:30:00,1.0,1.0,0.0
2022-08-19 01:00:00,,,
2022-08-19 01:30:00,0.0,0.0,0.0
2022-08-19 02:00:00,0.0,0.0,0.0
2022-08-19 02:30:00,0.0,0.0,0.0
2022-08-19 03:00:00,1.0,0.0,0.0
2022-08-19 03:30:00,114.0,0.0,10.0
2022-08-19 04:00:00,1761.0,98.0,144.0
2022-08-19 04:30:00,2512.0,475.0,407.0
2022-08-19 05:00:00,244.0,12.0,31.0
2022-08-19 05:30:00,93.0,1.0,4.0
2022-08-19 06:00:00,61.0,22.0,15.0
2022-08-19 06:30:00,220.0,0.0,11.0
2022-08-19 07:00:00,348.0,136.0,179.0
2022-08-19 07:30:00,117.0,0.0,2.0
2022-08-19 08:00:00,113.0,5.0,22.0
2022-08-19 08:30:00,115.0,50.0,0.0
2022-08-19 09:00:00,273.0,102.0,77.0
2022-08-19 09:30:00,173.0,49.0,21.0
2022-08-19 10:00:00,140.0,88.0,0.0
2022-08-19 10:30:00,15.0,0.0,0.0
2022-08-19 11:00:00,27.0,10.0,10.0
2022-08-19 11:30:00,39.0,7.0,6.0
2022-08-19 12:00:00,212.0,3.0,25.0
2022-08-19 12:30:00,250.0,86.0,35.0
2022-08-19 13:00:00,0.0,0.0,0.0
2022-08-19 13:30:00,0.0,0.0,0.0
2022-08-19 14:00:00,0.0,0.0,0.0
2022-08-19 14:30:00,1.0,0.0,0.0
2022-08-19 15:00:00,0.0,0.0,0.0
2022-08-19 15:30:00,0.0,0.0,0.0
2022-08-20 00:00:00,1.0,0.0,1.0
2022-08-20 00:30:00,0.0,0.0,0.0
2022-08-20 01:00:00,0.0,0.0,0.0
2022-08-20 01:30:00,0.0,0.0,0.0
2022-08-20 02:00:00,0.0,0.0,0.0
2022-08-20 02:30:00,0.0,0.0,0.0
2022-08-20 03:00:00,0.0,0.0,0.0
2022-08-20 03:30:00,52.0,0.0,21.0
2022-08-20 04:00:00,2384.0,183.0,329.0
2022-08-20 04:30:00,569.0,280.0,91.0
2022-08-20 05:00:00,187.0,127.0,56.0
2022-08-20 05:30:00,605.0,18.0,92.0
2022-08-20 06:00:00,170.0,32.0,0.0
2022-08-20 06:30:00,412.0,122.0,54.0
2022-08-20 07:00:00,560.0,146.0,77.0
2022-08-20 07:30:00,279.0,106.0,33.0
2022-08-20 08:00:00,64.0,0.0,0.0
2022-08-20 08:30:00,214.0,0.0,4.0
2022-08-20 09:00:00,1378.0,395.0,189.0
2022-08-20 09:30:00,300.0,63.0,32.0
2022-08-20 10:00:00,406.0,58.0,61.0
2022-08-20 10:30:00,446.0,0.0,143.0
2022-08-20 11:00:00,510.0,159.0,87.0
2022-08-20 11:30:00,857.0,224.0,129.0
2022-08-20 12:00:00,382.0,63.0,33.0
2022-08-20 12:30:00,9.0,3.0,2.0
2022-08-20 13:00:00,0.0,0.0,0.0
2022-08-20 13:30:00,0.0,0.0,0.0
2022-08-20 14:00:00,0.0,0.0,0.0
2022-08-20 14:30:00,0.0,0.0,0.0
2022-08-20 15:00:00,0.0,0.0,0.0
2022-08-20 15:30:00,0.0,0.0,0.0
2022-08-21 00:00:00,0.0,0.0,0.0
2022-08-21 00:30:00,0.0,0.0,0.0
2022-08-21 01:00:00,1.0,1.0,0.0
2022-08-21 01:30:00,1.0,0.0,0.0
2022-08-21 02:00:00,1.0,1.0,1.0
2022-08-21 02:30:00,0.0,0.0,0.0
2022-08-21 03:00:00,0.0,0.0,0.0
2022-08-21 03:30:00,156.0,0.0,0.0
2022-08-21 04:00:00,321.0,103.0,77.0
2022-08-21 04:30:00,42.0,0.0,0.0
2022-08-21 05:00:00,158.0,13.0,8.0
2022-08-21 05:30:00,265.0,0.0,161.0
2022-08-21 06:00:00,426.0,0.0,14.0
2022-08-21 06:30:00,1380.0,352.0,222.0
2022-08-21 07:00:00,938.0,252.0,89.0
2022-08-21 07:30:00,218.0,103.0,99.0
2022-08-21 08:00:00,158.0,0.0,52.0
2022-08-21 08:30:00,109.0,91.0,0.0
2022-08-21 09:00:00,82.0,29.0,12.0
2022-08-21 09:30:00,49.0,7.0,16.0
2022-08-21 10:00:00,439.0,32.0,8.0
2022-08-21 10:30:00,177.0,76.0,9.0
2022-08-21 11:00:00,198.0,7.0,9.0
2022-08-21 11:30:00,435.0,69.0,45.0
2022-08-21 12:00:00,228.0,54.0,57.0
2022-08-21 12:30:00,112.0,83.0,22.0
2022-08-21 13:00:00,0.0,0.0,0.0
2022-08-21 13:30:00,0.0,0.0,0.0
2022-08-21 14:00:00,0.0,0.0,0.0
2022-08-21 14:30:00,0.0,0.0,0.0
2022-08-21 15:00:00,0.0,0.0,0.0
2022-08-21 15:30:00,1.0,0.0,0.0
2022-08-22 00:00:00,0.0,0.0,0.0
2022-08-22 00:30:00,0.0,0.0,0.0
2022-08-22 01:00:00,0.0,0.0,0.0
2022-08-22 01:30:00,0.0,0.0,0.0
2022-08-22 02:00:00,0.0,0.0,0.0
2022-08-22 02:30:00,0.0,0.0,0.0
2022-08-22 03:00:00,0.0,0.0,0.0
2022-08-22 03:30:00,523.0,0.0,74.0
2022-08-22 04:00:00,468.0,128.0,173.0
2022-08-22 04:30:00,216.0,11.0,17.0
2022-08-22 05:00:00,791.0,41.0,77.0
2022-08-22 05:30:00,1304.0,195.0,127.0
2022-08-22 06:00:00,554.0,378.0,92.0
2022-08-22 06:30:00,940.0,371.0,253.0
2022-08-22 07:00:00,342.0,12.0,166.0
2022-08-22 07:30:00,872.0,32.0,181.0
2022-08-22 08:00:00,147.0,35.0,0.0
2022-08-22 08:30:00,35.0,7.0,26.0
2022-08-22 09:00:00,75.0,7.0,0.0
2022-08-22 09:30:00,56.0,0.0,0.0
2022-08-22 10:00:00,68.0,0.0,25.0
2022-08-22 10:30:00,47.0,4.0,0.0
2022-08-22 11:00:00,58.0,18.0,27.0
2022-08-22 11:30:00,20.0,0.0,0.0
2022-08-22 12:00:00,17.0,2.0,0.0
2022-08-22 12:30:00,98.0,0.0,0.0
2022-08-22 13:00:00,0.0,0.0,0.0
2022-08-22 13:30:00,1.0,1.0,0.0
2022-08-22 14:00:00,0.0,0.0,0.0
2022-08-22 14:30:00,0.0,0.0,0.0
2022-08-22 15:00:00,0.0,0.0,0.0
2022-08-22 15:30:00,0.0,0.0,0.0
2022-08-23 00:00:00,,,
2022-08-23 00:30:00,1.0,0.0,0.0
2022-08-23 01:00:00,0.0,0.0,0.0
2022-08-23 01:30:00,0.0,0.0,0.0
2022-08-23 02:00:00,0.0,0.0,0.0
2022-08-23 02:30:00,0.0,0.0,0.0
2022-08-23 03:00:00,0.0,0.0,0.0
2022-08-23 03:30:00,95.0,0.0,0.0
2022-08-23 04:00:00,508.0,81.0,136.0
2022-08-23 04:30:00,358.0,68.0,60.0
2022-08-23 05:00:00,426.0,0.0,23.0
2022-08-23 05:30:00,280.0,103.0,83.0
2022-08-23 06:00:00,775.0,217.0,178.0
2022-08-23 06:30:00,267.0,70.0,32.0
2022-08-23 07:00:00,233.0,35.0,13.0
2022-08-23 07:30:00,50.0,10.0,0.0
2022-08-23 08:00:00,44.0,0.0,38.0
2022-08-23 08:30:00,116.0,43.0,0.0
2022-08-23 09:00:00,151.0,24.0,72.0
2022-08-23 09:30:00,63.0,0.0,0.0
2022-08-23 10:00:00,27.0,0.0,26.0
2022-08-23 10:30:00,20.0,0.0,0.0
2022-08-23 11:00:00,3.0,0.0,0.0
2022-08-23 11:30:00,3.0,0.0,0.0
2022-08-23 12:00:00,49.0,19.0,0.0
2022-08-23 12:30:00,0.0,0.0,0.0
2022-08-23 13:00:00,2.0,1.0,0.0
2022-08-23 13:30:00,0.0,0.0,0.0
2022-08-23 14:00:00,0.0,0.0,0.0
2022-08-23 14:30:00,0.0,0.0,0.0
2022-08-23 15:00:00,0.0,0.0,0.0
2022-08-23 15:30:00,0.0,0.0,0.0
2022-08-24 00:00:00,1.0,0.0,1.0
2022-08-24 00:30:00,0.0,0.0,0.0
2022-08-24 01:00:00,0.0,0.0,0.0
2022-08-24 01:30:00,0.0,0.0,0.0
2022-08-24 02:00:00,1.0,0.0,0.0
2022-08-24 02:30:00,0.0,0.0,0.0
2022-08-24 03:00:00,0.0,0.0,0.0
2022-08-24 03:30:00,326.0,0.0,42.0
2022-08-24 04:00:00,203.0,59.0,23.0
2022-08-24 04:30:00,387.0,68.0,26.0
2022-08-24 05:00:00,633.0,104.0,39.0
2022-08-24 05:30:00,524.0,9.0,35.0
2022-08-24 06:00:00,3123.0,318.0,702.0
2022-08-24 06:30:00,2072.0,144.0,478.0
2022-08-24 07:00:00,695.0,103.0,92.0
2022-08-24 07:30:00,255.0,32.0,43.0
2022-08-24 08:00:00,67.0,10.0,0.0
2022-08-24 08:30:00,143.0,0.0,0.0
2022-08-24 09:00:00,36.0,0.0,0.0
2022-08-24 09:30:00,8.0,0.0,8.0
2022-08-24 10:00:00,32.0,0.0,0.0
2022-08-24 10:30:00,0.0,0.0,0.0
2022-08-24 11:00:00,39.0,32.0,2.0
2022-08-24 11:30:00,47.0,0.0,0.0
2022-08-24 12:00:00,106.0,0.0,8.0
2022-08-24 12:30:00,2543.0,694.0,308.0
2022-08-24 13:00:00,0.0,0.0,0.0
2022-08-24 13:30:00,0.0,0.0,0.0
2022-08-24 14:00:00,0.0,0.0,0.0
2022-08-24 14:30:00,0.0,0.0,0.0
2022-08-24 15:00:00,0.0,0.0,0.0
2022-08-24 15:30:00,0.0,0.0,0.0
2022-08-25 00:00:00,0.0,0.0,0.0
2022-08-25 00:30:00,1.0,0.0,0.0
2022-08-25 01:00:00,0.0,0.0,0.0
2022-08-25 01:30:00,0.0,0.0,0.0
2022-08-25 02:00:00,0.0,0.0,0.0
2022-08-25 02:30:00,0.0,0.0,0.0
2022-08-25 03:00:00,1.0,0.0,0.0
2022-08-25 03:30:00,274.0,0.0,43.0
2022-08-25 04:00:00,191.0,58.0,70.0
2022-08-25 04:30:00,35.0,25.0,18.0
2022-08-25 05:00:00,72.0,0.0,37.0
2022-08-25 05:30:00,131.0,94.0,3.0
2022-08-25 06:00:00,479.0,150.0,165.0
2022-08-25 06:30:00,279.0,156.0,21.0
2022-08-25 07:00:00,62.0,0.0,0.0
2022-08-25 07:30:00,66.0,0.0,0.0
2022-08-25 08:00:00,175.0,24.0,0.0
2022-08-25 08:30:00,274.0,34.0,38.0
2022-08-25 09:00:00,129.0,33.0,8.0
2022-08-25 09:30:00,135.0,37.0,2.0
2022-08-25 10:00:00,23.0,8.0,7.0
2022-08-25 10:30:00,114.0,31.0,61.0
2022-08-25 11:00:00,167.0,0.0,17.0
2022-08-25 11:30:00,133.0,79.0,37.0
2022-08-25 12:00:00,310.0,37.0,28.0
2022-08-25 12:30:00,365.0,20.0,0.0
2022-08-25 13:00:00,0.0,0.0,0.0
2022-08-25 13:30:00,0.0,0.0,0.0
2022-08-25 14:00:00,0.0,0.0,0.0
2022-08-25 14:30:00,0.0,0.0,0.0
2022-08-25 15:00:00,0.0,0.0,0.0
2022-08-25 15:30:00,0.0,0.0,0.0
2022-08-26 00:00:00,0.0,0.0,0.0
2022-08-26 00:30:00,0.0,0.0,0.0
2022-08-26 01:00:00,,,
2022-08-26 01:30:00,0.0,0.0,0.0
2022-08-26 02:00:00,0.0,0.0,0.0
2022-08-26 02:30:00,0.0,0.0,0.0
2022-08-26 03:00:00,0.0,0.0,0.0
2022-08-26 03:30:00,418.0,0.0,5.0
2022-08-26 04:00:00,677.0,133.0,113.0
2022-08-26 04:30:00,4900.0,388.0,1016.0
2022-08-26 05:00:00,1367.0,84.0,211.0
2022-08-26 05:30:00,3178.0,844.0,371.0
2022-08-26 06:00:00,3670.0,1007.0,732.0
2022-08-26 06:30:00,2631.0,1024.0,644.0
2022-08-26 07:00:00,1597.0,252.0,424.0
2022-08-26 07:30:00,1060.0,250.0,153.0
2022-08-26 08:00:00,638.0,114.0,128.0
2022-08-26 08:30:00,897.0,14.0,97.0
2022-08-26 09:00:00,51.0,0.0,0.0
2022-08-26 09:30:00,2534.0,0.0,374.0
2022-08-26 10:00:00,6988.0,439.0,1147.0
2022-08-26 10:30:00,57.0,0.0,0.0
2022-08-26 11:00:00,116.0,0.0,0.0
2022-08-26 11:30:00,94.0,2.0,13.0
2022-08-26 12:00:00,13.0,0.0,13.0
2022-08-26 12:30:00,0.0,0.0,0.0
2022-08-26 13:00:00,0.0,0.0,0.0
2022-08-26 13:30:00,0.0,0.0,0.0
2022-08-26 14:00:00,0.0,0.0,0.0
2022-08-26 14:30:00,0.0,0.0,0.0
2022-08-26 15:00:00,0.0,0.0,0.0
2022-08-26 15:30:00,0.0,0.0,0.0
2022-08-27 00:00:00,0.0,0.0,0.0
2022-08-27 00:30:00,0.0,0.0,0.0
2022-08-27 01:00:00,0.0,0.0,0.0
2022-08-27 01:30:00,0.0,0.0,0.0
2022-08-27 02:00:00,0.0,0.0,0.0
2022-08-27 02:30:00,0.0,0.0,0.0
2022-08-27 03:00:00,0.0,0.0,0.0
2022-08-27 03:30:00,895.0,0.0,106.0
2022-08-27 04:00:00,1678.0,280.0,241.0
2022-08-27 04:30:00,5993.0,1173.0,1198.0
2022-08-27 05:00:00,814.0,15.0,186.0
2022-08-27 05:30:00,492.0,17.0,82.0
2022-08-27 06:00:00,2533.0,181.0,354.0
2022-08-27 06:30:00,1223.0,261.0,266.0
2022-08-27 07:00:00,1144.0,291.0,170.0
2022-08-27 07:30:00,282.0,113.0,31.0
2022-08-27 08:00:00,101.0,16.0,1.0
2022-08-27 08:30:00,157.0,79.0,60.0
2022-08-27 09:00:00,244.0,104.0,77.0
2022-08-27 09:30:00,603.0,108.0,100.0
2022-08-27 10:00:00,83.0,13.0,6.0
2022-08-27 10:30:00,238.0,55.0,63.0
2022-08-27 11:00:00,125.0,51.0,2.0
2022-08-27 11:30:00,45.0,17.0,0.0
2022-08-27 12:00:00,10.0,0.0,0.0
2022-08-27 12:30:00,6.0,0.0,0.0
2022-08-27 13:00:00,0.0,0.0,0.0
2022-08-27 13:30:00,0.0,0.0,0.0
2022-08-27 14:00:00,0.0,0.0,0.0
2022-08-27 14:30:00,0.0,0.0,0.0
2022-08-27 15:00:00,0.0,0.0,0.0
2022-08-27 15:30:00,0.0,0.0,0.0
2022-08-28 00:00:00,0.0,0.0,0.0
2022-08-28 00:30:00,0.0,0.0,0.0
2022-08-28 01:00:00,0.0,0.0,0.0
2022-08-28 01:30:00,0.0,0.0,0.0
2022-08-28 02:00:00,0.0,0.0,0.0
2022-08-28 02:30:00,0.0,0.0,0.0
2022-08-28 03:00:00,0.0,0.0,0.0
2022-08-28 03:30:00,1693.0,0.0,243.0
2022-08-28 04:00:00,1051.0,345.0,170.0
2022-08-28 04:30:00,1138.0,225.0,262.0
2022-08-28 05:00:00,87.0,30.0,68.0
2022-08-28 05:30:00,71.0,15.0,1.0
2022-08-28 06:00:00,765.0,109.0,197.0
2022-08-28 06:30:00,642.0,85.0,169.0
2022-08-28 07:00:00,1684.0,320.0,258.0
2022-08-28 07:30:00,2073.0,371.0,431.0
2022-08-28 08:00:00,1160.0,380.0,273.0
2022-08-28 08:30:00,107.0,63.0,8.0
2022-08-28 09:00:00,678.0,0.0,212.0
2022-08-28 09:30:00,136.0,68.0,0.0
2022-08-28 10:00:00,73.0,0.0,0.0
2022-08-28 10:30:00,190.0,0.0,21.0
2022-08-28 11:00:00,56.0,0.0,0.0
2022-08-28 11:30:00,15.0,0.0,0.0
2022-08-28 12:00:00,77.0,0.0,11.0
2022-08-28 12:30:00,62.0,1.0,40.0
2022-08-28 13:00:00,0.0,0.0,0.0
2022-08-28 13:30:00,0.0,0.0,0.0
2022-08-28 14:00:00,0.0,0.0,0.0
2022-08-28 14:30:00,0.0,0.0,0.0
2022-08-28 15:00:00,0.0,0.0,0.0
2022-08-28 15:30:00,0.0,0.0,0.0
2022-08-29 00:00:00,0.0,0.0,0.0
2022-08-29 00:30:00,0.0,0.0,0.0
2022-08-29 01:00:00,0.0,0.0,0.0
2022-08-29 01:30:00,0.0,0.0,0.0
2022-08-29 02:00:00,0.0,0.0,0.0
2022-08-29 02:30:00,0.0,0.0,0.0
2022-08-29 03:00:00,0.0,0.0,0.0
2022-08-29 03:30:00,920.0,0.0,74.0
2022-08-29 04:00:00,76.0,50.0,8.0
2022-08-29 04:30:00,190.0,24.0,0.0
2022-08-29 05:00:00,89.0,44.0,0.0
2022-08-29 05:30:00,137.0,2.0,0.0
2022-08-29 06:00:00,86.0,20.0,4.0
2022-08-29 06:30:00,78.0,0.0,58.0
2022-08-29 07:00:00,302.0,53.0,34.0
2022-08-29 07:30:00,74.0,48.0,18.0
2022-08-29 08:00:00,29.0,0.0,0.0
2022-08-29 08:30:00,26.0,0.0,0.0
2022-08-29 09:00:00,15.0,0.0,1.0
2022-08-29 09:30:00,1.0,0.0,0.0
2022-08-29 10:00:00,8.0,0.0,0.0
2022-08-29 10:30:00,43.0,0.0,0.0
2022-08-29 11:00:00,13.0,0.0,0.0
2022-08-29 11:30:00,14.0,0.0,1.0
2022-08-29 12:00:00,94.0,22.0,33.0
2022-08-29 12:30:00,53.0,0.0,0.0
2022-08-29 13:00:00,1.0,1.0,0.0
2022-08-29 13:30:00,0.0,0.0,0.0
2022-08-29 14:00:00,0.0,0.0,0.0
2022-08-29 14:30:00,0.0,0.0,0.0
2022-08-29 15:00:00,0.0,0.0,0.0
2022-08-29 15:30:00,0.0,0.0,0.0
2022-08-30 00:00:00,,,
2022-08-30 00:30:00,,,
2022-08-30 01:00:00,0.0,0.0,0.0
2022-08-30 01:30:00,0.0,0.0,0.0
2022-08-30 02:00:00,0.0,0.0,0.0
2022-08-30 02:30:00,0.0,0.0,0.0
2022-08-30 03:00:00,0.0,0.0,0.0
2022-08-30 03:30:00,451.0,7.0,48.0
2022-08-30 04:00:00,66.0,4.0,3.0
2022-08-30 04:30:00,398.0,105.0,20.0
2022-08-30 05:00:00,494.0,197.0,60.0
2022-08-30 05:30:00,193.0,56.0,65.0
2022-08-30 06:00:00,82.0,0.0,0.0
2022-08-30 06:30:00,116.0,0.0,0.0
2022-08-30 07:00:00,94.0,29.0,35.0
2022-08-30 07:30:00,124.0,0.0,0.0
2022-08-30 08:00:00,37.0,0.0,12.0
2022-08-30 08:30:00,168.0,34.0,0.0
2022-08-30 09:00:00,192.0,68.0,36.0
2022-08-30 09:30:00,41.0,11.0,0.0
2022-08-30 10:00:00,16.0,4.0,0.0
2022-08-30 10:30:00,91.0,0.0,12.0
2022-08-30 11:00:00,20.0,3.0,1.0
2022-08-30 11:30:00,47.0,0.0,0.0
2022-08-30 12:00:00,123.0,0.0,69.0
2022-08-30 12:30:00,0.0,0.0,0.0
2022-08-30 13:00:00,0.0,0.0,0.0
2022-08-30 13:30:00,0.0,0.0,0.0
2022-08-30 14:00:00,0.0,0.0,0.0
2022-08-30 14:30:00,0.0,0.0,0.0
2022-08-30 15:00:00,0.0,0.0,0.0
2022-08-30 15:30:00,0.0,0.0,0.0
2022-08-31 00:00:00,0.0,0.0,0.0
2022-08-31 00:30:00,0.0,0.0,0.0
2022-08-31 01:00:00,0.0,0.0,0.0
2022-08-31 01:30:00,0.0,0.0,0.0
2022-08-31 02:00:00,0.0,0.0,0.0
2022-08-31 02:30:00,0.0,0.0,0.0
2022-08-31 03:00:00,0.0,0.0,0.0
2022-08-31 03:30:00,612.0,10.0,71.0
2022-08-31 04:00:00,467.0,134.0,152.0
2022-08-31 04:30:00,547.0,413.0,31.0
2022-08-31 05:00:00,18.0,0.0,17.0
2022-08-31 05:30:00,101.0,0.0,29.0
2022-08-31 06:00:00,276.0,74.0,41.0
2022-08-31 06:30:00,177.0,47.0,77.0
2022-08-31 07:00:00,45.0,34.0,0.0
2022-08-31 07:30:00,4.0,4.0,0.0
2022-08-31 08:00:00,69.0,13.0,41.0
2022-08-31 08:30:00,71.0,39.0,0.0
2022-08-31 09:00:00,162.0,0.0,0.0
2022-08-31 09:30:00,44.0,1.0,1.0
2022-08-31 10:00:00,41.0,0.0,0.0
2022-08-31 10:30:00,126.0,0.0,13.0
2022-08-31 11:00:00,12.0,0.0,0.0
2022-08-31 11:30:00,106.0,0.0,51.0
2022-08-31 12:00:00,52.0,50.0,50.0
2022-08-31 12:30:00,1.0,0.0,0.0
2022-08-31 13:00:00,0.0,0.0,0.0
2022-08-31 13:30:00,0.0,0.0,0.0
2022-08-31 14:00:00,0.0,0.0,0.0
2022-08-31 14:30:00,0.0,0.0,0.0
2022-08-31 15:00:00,0.0,0.0,0.0
2022-08-31 15:30:00,0.0,0.0,0.0
2022-09-01 00:00:00,0.0,0.0,0.0
2022-09-01 00:30:00,0.0,0.0,0.0
2022-09-01 01:00:00,0.0,0.0,0.0
2022-09-01 01:30:00,0.0,0.0,0.0
2022-09-01 02:00:00,0.0,0.0,0.0
2022-09-01 02:30:00,0.0,0.0,0.0
2022-09-01 03:00:00,576.0,0.0,0.0
2022-09-01 03:30:00,1843.0,606.0,495.0
2022-09-01 04:00:00,1996.0,253.0,419.0
2022-09-01 04:30:00,2060.0,339.0,171.0
2022-09-01 05:00:00,1323.0,403.0,173.0
2022-09-01 05:30:00,650.0,83.0,71.0
2022-09-01 06:00:00,646.0,116.0,177.0
2022-09-01 06:30:00,267.0,37.0,13.0
2022-09-01 07:00:00,303.0,66.0,14.0
2022-09-01 07:30:00,435.0,27.0,43.0
2022-09-01 08:00:00,89.0,1.0,12.0
2022-09-01 08:30:00,155.0,9.0,9.0
2022-09-01 09:00:00,192.0,23.0,1.0
2022-09-01 09:30:00,69.0,0.0,0.0
2022-09-01 10:00:00,208.0,75.0,69.0
2022-09-01 10:30:00,202.0,0.0,10.0
2022-09-01 11:00:00,48.0,6.0,6.0
2022-09-01 11:30:00,164.0,79.0,28.0
2022-09-01 12:00:00,299.0,64.0,92.0
2022-09-01 12:30:00,15.0,0.0,0.0
2022-09-01 13:00:00,0.0,0.0,0.0
2022-09-01 13:30:00,0.0,0.0,0.0
2022-09-01 14:00:00,1.0,0.0,0.0
2022-09-01 14:30:00,0.0,0.0,0.0
2022-09-01 15:00:00,0.0,0.0,0.0
2022-09-01 15:30:00,0.0,0.0,0.0
2022-09-02 00:00:00,0.0,0.0,0.0
2022-09-02 00:30:00,,,
2022-09-02 01:00:00,0.0,0.0,0.0
2022-09-02 01:30:00,0.0,0.0,0.0
2022-09-02 02:00:00,0.0,0.0,0.0
2022-09-02 02:30:00,0.0,0.0,0.0
2022-09-02 03:00:00,62.0,0.0,0.0
2022-09-02 03:30:00,1621.0,310.0,336.0
2022-09-02 04:00:00,626.0,227.0,99.0
2022-09-02 04:30:00,58.0,9.0,23.0
2022-09-02 05:00:00,91.0,4.0,40.0
2022-09-02 05:30:00,100.0,20.0,11.0
2022-09-02 06:00:00,27.0,0.0,0.0
2022-09-02 06:30:00,106.0,48.0,0.0
2022-09-02 07:00:00,37.0,0.0,0.0
2022-09-02 07:30:00,30.0,23.0,0.0
2022-09-02 08:00:00,6.0,0.0,0.0
2022-09-02 08:30:00,39.0,0.0,0.0
2022-09-02 09:00:00,103.0,9.0,8.0
2022-09-02 09:30:00,25.0,4.0,0.0
2022-09-02 10:00:00,51.0,0.0,3.0
2022-09-02 10:30:00,19.0,19.0,6.0
2022-09-02 11:00:00,0.0,0.0,0.0
2022-09-02 11:30:00,6.0,4.0,0.0
2022-09-02 12:00:00,85.0,6.0,18.0
2022-09-02 12:30:00,5.0,0.0,5.0
2022-09-02 13:00:00,0.0,0.0,0.0
2022-09-02 13:30:00,0.0,0.0,0.0
2022-09-02 14:00:00,0.0,0.0,0.0
2022-09-02 14:30:00,0.0,0.0,0.0
2022-09-02 15:00:00,0.0,0.0,0.0
2022-09-02 15:30:00,0.0,0.0,0.0
2022-09-03 00:00:00,0.0,0.0,0.0
2022-09-03 00:30:00,0.0,0.0,0.0
2022-09-03 01:00:00,0.0,0.0,0.0
2022-09-03 01:30:00,0.0,0.0,0.0
2022-09-03 02:00:00,0.0,0.0,0.0
2022-09-03 02:30:00,0.0,0.0,0.0
2022-09-03 03:00:00,259.0,0.0,0.0
2022-09-03 03:30:00,3980.0,808.0,582.0
2022-09-03 04:00:00,1798.0,981.0,344.0
2022-09-03 04:30:00,139.0,0.0,53.0
2022-09-03 05:00:00,175.0,0.0,30.0
2022-09-03 05:30:00,175.0,8.0,35.0
2022-09-03 06:00:00,390.0,2.0,25.0
2022-09-03 06:30:00,55.0,34.0,21.0
2022-09-03 07:00:00,182.0,8.0,62.0
2022-09-03 07:30:00,80.0,8.0,1.0
2022-09-03 08:00:00,41.0,2.0,0.0
2022-09-03 08:30:00,0.0,0.0,0.0
2022-09-03 09:00:00,54.0,0.0,38.0
2022-09-03 09:30:00,70.0,0.0,49.0
2022-09-03 10:00:00,2.0,0.0,0.0
2022-09-03 10:30:00,50.0,1.0,5.0
2022-09-03 11:00:00,195.0,11.0,44.0
2022-09-03 11:30:00,152.0,14.0,65.0
2022-09-03 12:00:00,12.0,0.0,0.0
2022-09-03 12:30:00,12.0,0.0,3.0
2022-09-03 13:00:00,0.0,0.0,0.0
2022-09-03 13:30:00,0.0,0.0,0.0
2022-09-03 14:00:00,0.0,0.0,0.0
2022-09-03 14:30:00,0.0,0.0,0.0
2022-09-03 15:00:00,0.0,0.0,0.0
2022-09-03 15:30:00,0.0,0.0,0.0
2022-09-04 00:00:00,0.0,0.0,0.0
2022-09-04 00:30:00,0.0,0.0,0.0
2022-09-04 01:00:00,0.0,0.0,0.0
2022-09-04 01:30:00,0.0,0.0,0.0
2022-09-04 02:00:00,0.0,0.0,0.0
2022-09-04 02:30:00,0.0,0.0,0.0
2022-09-04 03:00:00,891.0,0.0,173.0
2022-09-04 03:30:00,1530.0,290.0,334.0
2022-09-04 04:00:00,1537.0,500.0,265.0
2022-09-04 04:30:00,219.0,100.0,19.0
2022-09-04 05:00:00,34.0,1.0,18.0
2022-09-04 05:30:00,405.0,38.0,90.0
2022-09-04 06:00:00,52.0,36.0,29.0
2022-09-04 06:30:00,94.0,19.0,0.0
2022-09-04 07:00:00,39.0,0.0,0.0
2022-09-04 07:30:00,146.0,33.0,32.0
2022-09-04 08:00:00,69.0,26.0,0.0
2022-09-04 08:30:00,62.0,50.0,0.0
2022-09-04 09:00:00,13.0,0.0,0.0
2022-09-04 09:30:00,66.0,7.0,0.0
2022-09-04 10:00:00,40.0,0.0,0.0
2022-09-04 10:30:00,30.0,0.0,0.0
2022-09-04 11:00:00,44.0,0.0,0.0
2022-09-04 11:30:00,92.0,0.0,0.0
2022-09-04 12:00:00,184.0,12.0,75.0
2022-09-04 12:30:00,60.0,0.0,0.0
2022-09-04 13:00:00,0.0,0.0,0.0
2022-09-04 13:30:00,0.0,0.0,0.0
2022-09-04 14:00:00,0.0,0.0,0.0
2022-09-04 14:30:00,0.0,0.0,0.0
2022-09-04 15:00:00,1.0,1.0,1.0
2022-09-04 15:30:00,0.0,0.0,0.0
2022-09-05 00:00:00,0.0,0.0,0.0
2022-09-05 00:30:00,0.0,0.0,0.0
2022-09-05 01:00:00,0.0,0.0,0.0
2022-09-05 01:30:00,0.0,0.0,0.0
2022-09-05 02:00:00,0.0,0.0,0.0
2022-09-05 02:30:00,0.0,0.0,0.0
2022-09-05 03:00:00,123.0,0.0,27.0
2022-09-05 03:30:00,462.0,119.0,78.0
2022-09-05 04:00:00,318.0,164.0,55.0
2022-09-05 04:30:00,171.0,24.0,128.0
2022-09-05 05:00:00,48.0,0.0,0.0
2022-09-05 05:30:00,62.0,14.0,25.0
2022-09-05 06:00:00,19.0,0.0,0.0
2022-09-05 06:30:00,66.0,48.0,0.0
2022-09-05 07:00:00,,,
2022-09-05 07:30:00,,,
2022-09-05 08:00:00,,,
2022-09-05 08:30:00,,,
2022-09-05 09:00:00,,,
2022-09-05 09:30:00,,,
2022-09-05 10:00:00,,,
2022-09-05 10:30:00,,,
2022-09-05 11:00:00,,,
2022-09-05 11:30:00,,,
2022-09-05 12:00:00,,,
2022-09-05 12:30:00,,,
2022-09-05 13:00:00,,,
2022-09-05 13:30:00,,,
2022-09-05 14:00:00,,,
2022-09-05 14:30:00,,,
2022-09-05 15:00:00,,,
2022-09-05 15:30:00,,,
2022-09-06 00:00:00,0.0,0.0,0.0
2022-09-06 00:30:00,0.0,0.0,0.0
2022-09-06 01:00:00,0.0,0.0,0.0
2022-09-06 01:30:00,0.0,0.0,0.0
2022-09-06 02:00:00,0.0,0.0,0.0
2022-09-06 02:30:00,0.0,0.0,0.0
2022-09-06 03:00:00,168.0,0.0,48.0
2022-09-06 03:30:00,135.0,26.0,38.0
2022-09-06 04:00:00,143.0,16.0,0.0
2022-09-06 04:30:00,0.0,0.0,0.0
2022-09-06 05:00:00,34.0,0.0,2.0
2022-09-06 05:30:00,4.0,0.0,0.0
2022-09-06 06:00:00,44.0,14.0,0.0
2022-09-06 06:30:00,45.0,0.0,0.0
2022-09-06 07:00:00,0.0,0.0,0.0
2022-09-06 07:30:00,30.0,0.0,0.0
2022-09-06 08:00:00,0.0,0.0,0.0
2022-09-06 08:30:00,0.0,0.0,0.0
2022-09-06 09:00:00,0.0,0.0,0.0
2022-09-06 09:30:00,3.0,0.0,0.0
2022-09-06 10:00:00,2.0,2.0,0.0
2022-09-06 10:30:00,10.0,0.0,4.0
2022-09-06 11:00:00,35.0,20.0,0.0
2022-09-06 11:30:00,23.0,22.0,20.0
2022-09-06 12:00:00,8.0,0.0,0.0
2022-09-06 12:30:00,148.0,113.0,103.0
2022-09-06 13:00:00,2.0,0.0,0.0
2022-09-06 13:30:00,0.0,0.0,0.0
2022-09-06 14:00:00,0.0,0.0,0.0
2022-09-06 14:30:00,0.0,0.0,0.0
2022-09-06 15:00:00,0.0,0.0,0.0
2022-09-06 15:30:00,0.0,0.0,0.0
2022-09-07 00:00:00,0.0,0.0,0.0
2022-09-07 00:30:00,0.0,0.0,0.0
2022-09-07 01:00:00,0.0,0.0,0.0
2022-09-07 01:30:00,0.0,0.0,0.0
2022-09-07 02:00:00,0.0,0.0,0.0
2022-09-07 02:30:00,0.0,0.0,0.0
2022-09-07 03:00:00,273.0,0.0,68.0
2022-09-07 03:30:00,587.0,151.0,71.0
2022-09-07 04:00:00,212.0,29.0,56.0
2022-09-07 04:30:00,54.0,7.0,23.0
2022-09-07 05:00:00,134.0,76.0,28.0
2022-09-07 05:30:00,27.0,0.0,20.0
2022-09-07 06:00:00,3.0,0.0,1.0
2022-09-07 06:30:00,13.0,0.0,0.0
2022-09-07 07:00:00,35.0,1.0,0.0
2022-09-07 07:30:00,0.0,0.0,0.0
2022-09-07 08:00:00,0.0,0.0,0.0
2022-09-07 08:30:00,72.0,30.0,0.0
2022-09-07 09:00:00,52.0,0.0,39.0
2022-09-07 09:30:00,50.0,27.0,19.0
2022-09-07 10:00:00,59.0,0.0,29.0
2022-09-07 10:30:00,23.0,17.0,0.0
2022-09-07 11:00:00,9.0,1.0,5.0
2022-09-07 11:30:00,23.0,0.0,0.0
2022-09-07 12:00:00,0.0,0.0,0.0
2022-09-07 12:30:00,1.0,0.0,1.0
2022-09-07 13:00:00,1.0,0.0,0.0
2022-09-07 13:30:00,0.0,0.0,0.0
2022-09-07 14:00:00,0.0,0.0,0.0
2022-09-07 14:30:00,0.0,0.0,0.0
2022-09-07 15:00:00,0.0,0.0,0.0
2022-09-07 15:30:00,0.0,0.0,0.0
2022-09-08 00:00:00,0.0,0.0,0.0
2022-09-08 00:30:00,0.0,0.0,0.0
2022-09-08 01:00:00,0.0,0.0,0.0
2022-09-08 01:30:00,0.0,0.0,0.0
2022-09-08 02:00:00,0.0,0.0,0.0
2022-09-08 02:30:00,0.0,0.0,0.0
2022-09-08 03:00:00,1230.0,0.0,220.0
2022-09-08 03:30:00,262.0,60.0,45.0
2022-09-08 04:00:00,118.0,4.0,3.0
2022-09-08 04:30:00,39.0,31.0,0.0
2022-09-08 05:00:00,0.0,0.0,0.0
2022-09-08 05:30:00,67.0,0.0,15.0
2022-09-08 06:00:00,3.0,0.0,0.0
2022-09-08 06:30:00,0.0,0.0,0.0
2022-09-08 07:00:00,37.0,0.0,0.0
2022-09-08 07:30:00,31.0,6.0,0.0
2022-09-08 08:00:00,26.0,0.0,24.0
2022-09-08 08:30:00,4.0,0.0,0.0
2022-09-08 09:00:00,15.0,10.0,5.0
2022-09-08 09:30:00,3.0,0.0,0.0
2022-09-08 10:00:00,2.0,0.0,0.0
2022-09-08 10:30:00,1.0,0.0,0.0
2022-09-08 11:00:00,21.0,6.0,0.0
2022-09-08 11:30:00,4.0,0.0,0.0
2022-09-08 12:00:00,0.0,0.0,0.0
2022-09-08 12:30:00,16.0,0.0,0.0
2022-09-08 13:00:00,0.0,0.0,0.0
2022-09-08 13:30:00,0.0,0.0,0.0
2022-09-08 14:00:00,0.0,0.0,0.0
2022-09-08 14:30:00,0.0,0.0,0.0
2022-09-08 15:00:00,0.0,0.0,0.0
2022-09-08 15:30:00,0.0,0.0,0.0
2022-09-09 00:00:00,,,
2022-09-09 00:30:00,,,
2022-09-09 01:00:00,0.0,0.0,0.0
2022-09-09 01:30:00,0.0,0.0,0.0
2022-09-09 02:00:00,0.0,0.0,0.0
2022-09-09 02:30:00,0.0,0.0,0.0
2022-09-09 03:00:00,1028.0,37.0,118.0
2022-09-09 03:30:00,767.0,22.0,19.0
2022-09-09 04:00:00,186.0,2.0,1.0
2022-09-09 04:30:00,140.0,2.0,55.0
2022-09-09 05:00:00,88.0,36.0,16.0
2022-09-09 05:30:00,55.0,0.0,0.0
2022-09-09 06:00:00,86.0,9.0,27.0
2022-09-09 06:30:00,12.0,12.0,0.0
2022-09-09 07:00:00,8.0,0.0,0.0
2022-09-09 07:30:00,64.0,0.0,0.0
2022-09-09 08:00:00,10.0,0.0,0.0
2022-09-09 08:30:00,0.0,0.0,0.0
2022-09-09 09:00:00,16.0,0.0,16.0
2022-09-09 09:30:00,0.0,0.0,0.0
2022-09-09 10:00:00,88.0,0.0,0.0
2022-09-09 10:30:00,35.0,0.0,0.0
2022-09-09 11:00:00,188.0,4.0,0.0
2022-09-09 11:30:00,72.0,0.0,42.0
2022-09-09 12:00:00,23.0,0.0,0.0
2022-09-09 12:30:00,0.0,0.0,0.0
2022-09-09 13:00:00,0.0,0.0,0.0
2022-09-09 13:30:00,0.0,0.0,0.0
2022-09-09 14:00:00,0.0,0.0,0.0
2022-09-09 14:30:00,0.0,0.0,0.0
2022-09-09 15:00:00,0.0,0.0,0.0
2022-09-09 15:30:00,0.0,0.0,0.0
2022-09-10 00:00:00,0.0,0.0,0.0
2022-09-10 00:30:00,0.0,0.0,0.0
2022-09-10 01:00:00,0.0,0.0,0.0
2022-09-10 01:30:00,0.0,0.0,0.0
2022-09-10 02:00:00,0.0,0.0,0.0
2022-09-10 02:30:00,0.0,0.0,0.0
2022-09-10 03:00:00,1389.0,0.0,165.0
2022-09-10 03:30:00,1439.0,376.0,327.0
2022-09-10 04:00:00,394.0,49.0,65.0
2022-09-10 04:30:00,32.0,21.0,0.0
2022-09-10 05:00:00,158.0,0.0,29.0
2022-09-10 05:30:00,30.0,0.0,0.0
2022-09-10 06:00:00,72.0,0.0,0.0
2022-09-10 06:30:00,97.0,1.0,0.0
2022-09-10 07:00:00,88.0,0.0,0.0
2022-09-10 07:30:00,4.0,0.0,4.0
2022-09-10 08:00:00,76.0,0.0,12.0
2022-09-10 08:30:00,1.0,0.0,0.0
2022-09-10 09:00:00,0.0,0.0,0.0
2022-09-10 09:30:00,20.0,0.0,0.0
2022-09-10 10:00:00,55.0,0.0,0.0
2022-09-10 10:30:00,0.0,0.0,0.0
2022-09-10 11:00:00,23.0,0.0,5.0
2022-09-10 11:30:00,6.0,1.0,2.0
2022-09-10 12:00:00,15.0,0.0,0.0
2022-09-10 12:30:00,0.0,0.0,0.0
2022-09-10 13:00:00,1.0,0.0,0.0
2022-09-10 13:30:00,0.0,0.0,0.0
2022-09-10 14:00:00,0.0,0.0,0.0
2022-09-10 14:30:00,0.0,0.0,0.0
2022-09-10 15:00:00,0.0,0.0,0.0
2022-09-10 15:30:00,1.0,0.0,0.0
2022-09-11 00:00:00,0.0,0.0,0.0
2022-09-11 00:30:00,0.0,0.0,0.0
2022-09-11 01:00:00,0.0,0.0,0.0
2022-09-11 01:30:00,0.0,0.0,0.0
2022-09-11 02:00:00,0.0,0.0,0.0
2022-09-11 02:30:00,8.0,0.0,0.0
2022-09-11 03:00:00,2160.0,217.0,422.0
2022-09-11 03:30:00,1294.0,185.0,227.0
2022-09-11 04:00:00,518.0,134.0,71.0
2022-09-11 04:30:00,201.0,34.0,43.0
2022-09-11 05:00:00,83.0,0.0,48.0
2022-09-11 05:30:00,107.0,44.0,18.0
2022-09-11 06:00:00,26.0,11.0,9.0
2022-09-11 06:30:00,156.0,10.0,4.0
2022-09-11 07:00:00,1.0,1.0,0.0
2022-09-11 07:30:00,62.0,0.0,1.0
2022-09-11 08:00:00,121.0,39.0,0.0
2022-09-11 08:30:00,52.0,3.0,3.0
2022-09-11 09:00:00,2.0,0.0,0.0
2022-09-11 09:30:00,60.0,3.0,1.0
2022-09-11 10:00:00,124.0,6.0,0.0
2022-09-11 10:30:00,82.0,32.0,0.0
2022-09-11 11:00:00,66.0,0.0,0.0
2022-09-11 11:30:00,85.0,2.0,37.0
2022-09-11 12:00:00,70.0,54.0,3.0
2022-09-11 12:30:00,35.0,32.0,32.0
2022-09-11 13:00:00,1.0,0.0,0.0
2022-09-11 13:30:00,1.0,0.0,0.0
2022-09-11 14:00:00,0.0,0.0,0.0
2022-09-11 14:30:00,0.0,0.0,0.0
2022-09-11 15:00:00,1.0,0.0,0.0
2022-09-11 15:30:00,0.0,0.0,0.0
2022-09-12 00:00:00,0.0,0.0,0.0
2022-09-12 00:30:00,0.0,0.0,0.0
2022-09-12 01:00:00,0.0,0.0,0.0
2022-09-12 01:30:00,0.0,0.0,0.0
2022-09-12 02:00:00,0.0,0.0,0.0
2022-09-12 02:30:00,705.0,0.0,73.0
2022-09-12 03:00:00,3586.0,645.0,731.0
2022-09-12 03:30:00,2050.0,320.0,486.0
2022-09-12 04:00:00,1729.0,259.0,269.0
2022-09-12 04:30:00,33.0,1.0,2.0
2022-09-12 05:00:00,410.0,2.0,58.0
2022-09-12 05:30:00,277.0,0.0,56.0
2022-09-12 06:00:00,46.0,0.0,1.0
2022-09-12 06:30:00,422.0,112.0,65.0
2022-09-12 07:00:00,184.0,139.0,41.0
2022-09-12 07:30:00,5.0,0.0,0.0
2022-09-12 08:00:00,32.0,28.0,2.0
2022-09-12 08:30:00,18.0,7.0,11.0
2022-09-12 09:00:00,143.0,0.0,0.0
2022-09-12 09:30:00,146.0,0.0,7.0
2022-09-12 10:00:00,1.0,0.0,0.0
2022-09-12 10:30:00,15.0,10.0,3.0
2022-09-12 11:00:00,3.0,0.0,0.0
2022-09-12 11:30:00,1.0,0.0,0.0
2022-09-12 12:00:00,126.0,41.0,1.0
2022-09-12 12:30:00,23.0,0.0,0.0
2022-09-12 13:00:00,82.0,82.0,0.0
2022-09-12 13:30:00,1.0,0.0,0.0
2022-09-12 14:00:00,0.0,0.0,0.0
2022-09-12 14:30:00,0.0,0.0,0.0
2022-09-12 15:00:00,0.0,0.0,0.0
2022-09-12 15:30:00,0.0,0.0,0.0
2022-09-13 00:00:00,0.0,0.0,0.0
2022-09-13 00:30:00,0.0,0.0,0.0
2022-09-13 01:00:00,0.0,0.0,0.0
2022-09-13 01:30:00,0.0,0.0,0.0
2022-09-13 02:00:00,0.0,0.0,0.0
2022-09-13 02:30:00,0.0,0.0,0.0
2022-09-13 03:00:00,1740.0,210.0,314.0
2022-09-13 03:30:00,242.0,9.0,32.0
2022-09-13 04:00:00,841.0,27.0,98.0
2022-09-13 04:30:00,78.0,3.0,15.0
2022-09-13 05:00:00,100.0,28.0,0.0
2022-09-13 05:30:00,29.0,0.0,1.0
2022-09-13 06:00:00,11.0,0.0,11.0
2022-09-13 06:30:00,0.0,0.0,0.0
2022-09-13 07:00:00,76.0,0.0,0.0
2022-09-13 07:30:00,30.0,0.0,2.0
2022-09-13 08:00:00,17.0,0.0,0.0
2022-09-13 08:30:00,0.0,0.0,0.0
2022-09-13 09:00:00,47.0,0.0,0.0
2022-09-13 09:30:00,0.0,0.0,0.0
2022-09-13 10:00:00,19.0,19.0,0.0
2022-09-13 10:30:00,3.0,0.0,3.0
2022-09-13 11:00:00,2.0,0.0,0.0
2022-09-13 11:30:00,31.0,22.0,9.0
2022-09-13 12:00:00,0.0,0.0,0.0
2022-09-13 12:30:00,20.0,0.0,0.0
2022-09-13 13:00:00,0.0,0.0,0.0
2022-09-13 13:30:00,0.0,0.0,0.0
2022-09-13 14:00:00,0.0,0.0,0.0
2022-09-13 14:30:00,0.0,0.0,0.0
2022-09-13 15:00:00,0.0,0.0,0.0
2022-09-13 15:30:00,0.0,0.0,0.0
2022-09-14 00:00:00,0.0,0.0,0.0
2022-09-14 00:30:00,0.0,0.0,0.0
2022-09-14 01:00:00,0.0,0.0,0.0
2022-09-14 01:30:00,0.0,0.0,0.0
2022-09-14 02:00:00,0.0,0.0,0.0
2022-09-14 02:30:00,276.0,0.0,0.0
2022-09-14 03:00:00,1553.0,440.0,318.0
2022-09-14 03:30:00,352.0,111.0,78.0
2022-09-14 04:00:00,3.0,0.0,0.0
2022-09-14 04:30:00,19.0,0.0,0.0
2022-09-14 05:00:00,6.0,0.0,0.0
2022-09-14 05:30:00,3.0,0.0,0.0
2022-09-14 06:00:00,34.0,28.0,6.0
2022-09-14 06:30:00,3.0,3.0,0.0
2022-09-14 07:00:00,38.0,0.0,38.0
2022-09-14 07:30:00,4.0,0.0,2.0
2022-09-14 08:00:00,0.0,0.0,0.0
2022-09-14 08:30:00,0.0,0.0,0.0
2022-09-14 09:00:00,25.0,0.0,0.0
2022-09-14 09:30:00,0.0,0.0,0.0
2022-09-14 10:00:00,0.0,0.0,0.0
2022-09-14 10:30:00,0.0,0.0,0.0
2022-09-14 11:00:00,3.0,0.0,0.0
2022-09-14 11:30:00,0.0,0.0,0.0
2022-09-14 12:00:00,0.0,0.0,0.0
2022-09-14 12:30:00,0.0,0.0,0.0
2022-09-14 13:00:00,3.0,0.0,1.0
2022-09-14 13:30:00,0.0,0.0,0.0
2022-09-14 14:00:00,0.0,0.0,0.0
2022-09-14 14:30:00,0.0,0.0,0.0
2022-09-14 15:00:00,0.0,0.0,0.0
2022-09-14 15:30:00,0.0,0.0,0.0
2022-09-15 00:00:00,0.0,0.0,0.0
2022-09-15 00:30:00,0.0,0.0,0.0
2022-09-15 01:00:00,0.0,0.0,0.0
2022-09-15 01:30:00,0.0,0.0,0.0
2022-09-15 02:00:00,0.0,0.0,0.0
2022-09-15 02:30:00,476.0,0.0,48.0
2022-09-15 03:00:00,550.0,125.0,84.0
2022-09-15 03:30:00,25.0,21.0,0.0
2022-09-15 04:00:00,0.0,0.0,0.0
2022-09-15 04:30:00,58.0,0.0,0.0
2022-09-15 05:00:00,9.0,0.0,0.0
2022-09-15 05:30:00,130.0,0.0,20.0
2022-09-15 06:00:00,1.0,0.0,0.0
2022-09-15 06:30:00,2.0,2.0,0.0
2022-09-15 07:00:00,7.0,7.0,0.0
2022-09-15 07:30:00,0.0,0.0,0.0
2022-09-15 08:00:00,0.0,0.0,0.0
2022-09-15 08:30:00,0.0,0.0,0.0
2022-09-15 09:00:00,58.0,0.0,0.0
2022-09-15 09:30:00,0.0,0.0,0.0
2022-09-15 10:00:00,66.0,0.0,0.0
2022-09-15 10:30:00,26.0,0.0,0.0
2022-09-15 11:00:00,7.0,0.0,0.0
2022-09-15 11:30:00,0.0,0.0,0.0
2022-09-15 12:00:00,1.0,0.0,0.0
2022-09-15 12:30:00,0.0,0.0,0.0
2022-09-15 13:00:00,1.0,0.0,0.0
2022-09-15 13:30:00,0.0,0.0,0.0
2022-09-15 14:00:00,0.0,0.0,0.0
2022-09-15 14:30:00,0.0,0.0,0.0
2022-09-15 15:00:00,0.0,0.0,0.0
2022-09-15 15:30:00,0.0,0.0,0.0
2022-09-16 00:00:00,0.0,0.0,0.0
2022-09-16 00:30:00,0.0,0.0,0.0
2022-09-16 01:00:00,0.0,0.0,0.0
2022-09-16 01:30:00,0.0,0.0,0.0
2022-09-16 02:00:00,0.0,0.0,0.0
2022-09-16 02:30:00,102.0,0.0,0.0
2022-09-16 03:00:00,45.0,8.0,0.0
2022-09-16 03:30:00,0.0,0.0,0.0
2022-09-16 04:00:00,74.0,27.0,0.0
2022-09-16 04:30:00,22.0,0.0,22.0
2022-09-16 05:00:00,1.0,0.0,0.0
2022-09-16 05:30:00,1.0,1.0,1.0
2022-09-16 06:00:00,0.0,0.0,0.0
2022-09-16 06:30:00,9.0,0.0,0.0
2022-09-16 07:00:00,33.0,0.0,0.0
2022-09-16 07:30:00,0.0,0.0,0.0
2022-09-16 08:00:00,55.0,55.0,0.0
2022-09-16 08:30:00,0.0,0.0,0.0
2022-09-16 09:00:00,0.0,0.0,0.0
2022-09-16 09:30:00,0.0,0.0,0.0
2022-09-16 10:00:00,3.0,1.0,0.0
2022-09-16 10:30:00,75.0,50.0,65.0
2022-09-16 11:00:00,38.0,0.0,0.0
2022-09-16 11:30:00,0.0,0.0,0.0
2022-09-16 12:00:00,1.0,1.0,0.0
2022-09-16 12:30:00,192.0,14.0,0.0
2022-09-16 13:00:00,16.0,16.0,0.0
2022-09-16 13:30:00,0.0,0.0,0.0
2022-09-16 14:00:00,0.0,0.0,0.0
2022-09-16 14:30:00,0.0,0.0,0.0
2022-09-16 15:00:00,0.0,0.0,0.0
2022-09-16 15:30:00,0.0,0.0,0.0
2022-09-17 00:00:00,0.0,0.0,0.0
2022-09-17 00:30:00,0.0,0.0,0.0
2022-09-17 01:00:00,0.0,0.0,0.0
2022-09-17 01:30:00,0.0,0.0,0.0
2022-09-17 02:00:00,0.0,0.0,0.0
2022-09-17 02:30:00,3.0,0.0,0.0
2022-09-17 03:00:00,336.0,80.0,61.0
2022-09-17 03:30:00,209.0,49.0,69.0
2022-09-17 04:00:00,259.0,87.0,110.0
2022-09-17 04:30:00,95.0,47.0,5.0
2022-09-17 05:00:00,145.0,0.0,47.0
2022-09-17 05:30:00,0.0,0.0,0.0
2022-09-17 06:00:00,32.0,0.0,0.0
2022-09-17 06:30:00,11.0,0.0,0.0
2022-09-17 07:00:00,0.0,0.0,0.0
2022-09-17 07:30:00,1.0,0.0,1.0
2022-09-17 08:00:00,0.0,0.0,0.0
2022-09-17 08:30:00,2.0,2.0,0.0
2022-09-17 09:00:00,14.0,0.0,0.0
2022-09-17 09:30:00,0.0,0.0,0.0
2022-09-17 10:00:00,0.0,0.0,0.0
2022-09-17 10:30:00,0.0,0.0,0.0
2022-09-17 11:00:00,0.0,0.0,0.0
2022-09-17 11:30:00,6.0,0.0,0.0
2022-09-17 12:00:00,0.0,0.0,0.0
2022-09-17 12:30:00,0.0,0.0,0.0
2022-09-17 13:00:00,0.0,0.0,0.0
2022-09-17 13:30:00,1.0,0.0,0.0
2022-09-17 14:00:00,0.0,0.0,0.0
2022-09-17 14:30:00,0.0,0.0,0.0
2022-09-17 15:00:00,0.0,0.0,0.0
2022-09-17 15:30:00,1.0,1.0,0.0
2022-09-18 00:00:00,0.0,0.0,0.0
2022-09-18 00:30:00,0.0,0.0,0.0
2022-09-18 01:00:00,0.0,0.0,0.0
2022-09-18 01:30:00,0.0,0.0,0.0
2022-09-18 02:00:00,0.0,0.0,0.0
2022-09-18 02:30:00,133.0,0.0,39.0
2022-09-18 03:00:00,109.0,0.0,26.0
2022-09-18 03:30:00,104.0,24.0,32.0
2022-09-18 04:00:00,0.0,0.0,0.0
2022-09-18 04:30:00,151.0,45.0,0.0
2022-09-18 05:00:00,94.0,0.0,14.0
2022-09-18 05:30:00,38.0,0.0,0.0
2022-09-18 06:00:00,0.0,0.0,0.0
2022-09-18 06:30:00,9.0,0.0,0.0
2022-09-18 07:00:00,16.0,0.0,0.0
2022-09-18 07:30:00,19.0,9.0,0.0
2022-09-18 08:00:00,20.0,0.0,13.0
2022-09-18 08:30:00,0.0,0.0,0.0
2022-09-18 09:00:00,25.0,1.0,23.0
2022-09-18 09:30:00,0.0,0.0,0.0
2022-09-18 10:00:00,48.0,0.0,0.0
2022-09-18 10:30:00,5.0,0.0,0.0
2022-09-18 11:00:00,0.0,0.0,0.0
2022-09-18 11:30:00,0.0,0.0,0.0
2022-09-18 12:00:00,18.0,0.0,0.0
2022-09-18 12:30:00,15.0,15.0,0.0
2022-09-18 13:00:00,0.0,0.0,0.0
2022-09-18 13:30:00,0.0,0.0,0.0
2022-09-18 14:00:00,0.0,0.0,0.0
2022-09-18 14:30:00,0.0,0.0,0.0
2022-09-18 15:00:00,0.0,0.0,0.0
2022-09-18 15:30:00,0.0,0.0,0.0
2022-09-19 00:00:00,0.0,0.0,0.0
2022-09-19 00:30:00,0.0,0.0,0.0
2022-09-19 01:00:00,0.0,0.0,0.0
2022-09-19 01:30:00,0.0,0.0,0.0
2022-09-19 02:00:00,0.0,0.0,0.0
2022-09-19 02:30:00,92.0,0.0,17.0
2022-09-19 03:00:00,125.0,0.0,5.0
2022-09-19 03:30:00,20.0,0.0,16.0
2022-09-19 04:00:00,13.0,0.0,0.0
2022-09-19 04:30:00,63.0,0.0,20.0
2022-09-19 05:00:00,35.0,14.0,0.0
2022-09-19 05:30:00,19.0,0.0,1.0
2022-09-19 06:00:00,33.0,23.0,30.0
2022-09-19 06:30:00,0.0,0.0,0.0
2022-09-19 07:00:00,12.0,12.0,0.0
2022-09-19 07:30:00,27.0,0.0,0.0
2022-09-19 08:00:00,0.0,0.0,0.0
2022-09-19 08:30:00,56.0,0.0,28.0
2022-09-19 09:00:00,66.0,39.0,0.0
2022-09-19 09:30:00,11.0,0.0,0.0
2022-09-19 10:00:00,0.0,0.0,0.0
2022-09-19 10:30:00,42.0,1.0,0.0
2022-09-19 11:00:00,1.0,0.0,0.0
2022-09-19 11:30:00,0.0,0.0,0.0
2022-09-19 12:00:00,0.0,0.0,0.0
2022-09-19 12:30:00,19.0,0.0,0.0
2022-09-19 13:00:00,32.0,0.0,0.0
2022-09-19 13:30:00,0.0,0.0,0.0
2022-09-19 14:00:00,0.0,0.0,0.0
2022-09-19 14:30:00,0.0,0.0,0.0
2022-09-19 15:00:00,0.0,0.0,0.0
2022-09-19 15:30:00,0.0,0.0,0.0
2022-09-20 00:00:00,,,
2022-09-20 00:30:00,,,
2022-09-20 01:00:00,0.0,0.0,0.0
2022-09-20 01:30:00,1.0,0.0,0.0
2022-09-20 02:00:00,0.0,0.0,0.0
2022-09-20 02:30:00,1622.0,0.0,364.0
2022-09-20 03:00:00,1121.0,463.0,240.0
2022-09-20 03:30:00,147.0,0.0,47.0
2022-09-20 04:00:00,158.0,55.0,0.0
2022-09-20 04:30:00,66.0,54.0,40.0
2022-09-20 05:00:00,28.0,0.0,0.0
2022-09-20 05:30:00,21.0,2.0,15.0
2022-09-20 06:00:00,1.0,0.0,0.0
2022-09-20 06:30:00,18.0,0.0,0.0
2022-09-20 07:00:00,18.0,0.0,0.0
2022-09-20 07:30:00,0.0,0.0,0.0
2022-09-20 08:00:00,59.0,22.0,2.0
2022-09-20 08:30:00,0.0,0.0,0.0
2022-09-20 09:00:00,4.0,0.0,0.0
2022-09-20 09:30:00,134.0,4.0,3.0
2022-09-20 10:00:00,6.0,0.0,1.0
2022-09-20 10:30:00,75.0,5.0,10.0
2022-09-20 11:00:00,0.0,0.0,0.0
2022-09-20 11:30:00,110.0,0.0,0.0
2022-09-20 12:00:00,0.0,0.0,0.0
2022-09-20 12:30:00,0.0,0.0,0.0
2022-09-20 13:00:00,1.0,0.0,0.0
2022-09-20 13:30:00,0.0,0.0,0.0
2022-09-20 14:00:00,0.0,0.0,0.0
2022-09-20 14:30:00,0.0,0.0,0.0
2022-09-20 15:00:00,0.0,0.0,0.0
2022-09-20 15:30:00,0.0,0.0,0.0
2022-09-21 00:00:00,0.0,0.0,0.0
2022-09-21 00:30:00,0.0,0.0,0.0
2022-09-21 01:00:00,0.0,0.0,0.0
2022-09-21 01:30:00,0.0,0.0,0.0
2022-09-21 02:00:00,0.0,0.0,0.0
2022-09-21 02:30:00,852.0,0.0,143.0
2022-09-21 03:00:00,1797.0,325.0,386.0
2022-09-21 03:30:00,1023.0,117.0,194.0
2022-09-21 04:00:00,293.0,90.0,10.0
2022-09-21 04:30:00,47.0,8.0,0.0
2022-09-21 05:00:00,309.0,58.0,180.0
2022-09-21 05:30:00,119.0,0.0,0.0
2022-09-21 06:00:00,3.0,0.0,1.0
2022-09-21 06:30:00,31.0,29.0,0.0
2022-09-21 07:00:00,12.0,3.0,3.0
2022-09-21 07:30:00,42.0,40.0,1.0
2022-09-21 08:00:00,22.0,0.0,2.0
2022-09-21 08:30:00,3.0,1.0,0.0
2022-09-21 09:00:00,52.0,0.0,2.0
2022-09-21 09:30:00,5.0,0.0,0.0
2022-09-21 10:00:00,31.0,0.0,0.0
2022-09-21 10:30:00,38.0,1.0,0.0
2022-09-21 11:00:00,34.0,0.0,29.0
2022-09-21 11:30:00,0.0,0.0,0.0
2022-09-21 12:00:00,1.0,0.0,0.0
2022-09-21 12:30:00,0.0,0.0,0.0
2022-09-21 13:00:00,0.0,0.0,0.0
2022-09-21 13:30:00,1.0,0.0,0.0
2022-09-21 14:00:00,0.0,0.0,0.0
2022-09-21 14:30:00,0.0,0.0,0.0
2022-09-21 15:00:00,0.0,0.0,0.0
2022-09-21 15:30:00,0.0,0.0,0.0
2022-09-22 00:00:00,0.0,0.0,0.0
2022-09-22 00:30:00,0.0,0.0,0.0
2022-09-22 01:00:00,0.0,0.0,0.0
2022-09-22 01:30:00,1.0,0.0,0.0
2022-09-22 02:00:00,0.0,0.0,0.0
2022-09-22 02:30:00,884.0,0.0,136.0
2022-09-22 03:00:00,825.0,132.0,141.0
2022-09-22 03:30:00,3872.0,128.0,496.0
2022-09-22 04:00:00,1411.0,614.0,303.0
2022-09-22 04:30:00,62.0,48.0,41.0
2022-09-22 05:00:00,106.0,0.0,0.0
2022-09-22 05:30:00,44.0,4.0,6.0
2022-09-22 06:00:00,58.0,0.0,0.0
2022-09-22 06:30:00,153.0,0.0,42.0
2022-09-22 07:00:00,272.0,14.0,76.0
2022-09-22 07:30:00,61.0,37.0,0.0
2022-09-22 08:00:00,323.0,218.0,13.0
2022-09-22 08:30:00,314.0,0.0,0.0
2022-09-22 09:00:00,42.0,0.0,41.0
2022-09-22 09:30:00,86.0,1.0,1.0
2022-09-22 10:00:00,30.0,0.0,26.0
2022-09-22 10:30:00,0.0,0.0,0.0
2022-09-22 11:00:00,69.0,0.0,0.0
2022-09-22 11:30:00,72.0,0.0,0.0
2022-09-22 12:00:00,0.0,0.0,0.0
2022-09-22 12:30:00,0.0,0.0,0.0
2022-09-22 13:00:00,13.0,0.0,7.0
2022-09-22 13:30:00,0.0,0.0,0.0
2022-09-22 14:00:00,0.0,0.0,0.0
2022-09-22 14:30:00,0.0,0.0,0.0
2022-09-22 15:00:00,2.0,1.0,1.0
2022-09-22 15:30:00,0.0,0.0,0.0
2022-09-23 00:00:00,0.0,0.0,0.0
2022-09-23 00:30:00,0.0,0.0,0.0
2022-09-23 01:00:00,0.0,0.0,0.0
2022-09-23 01:30:00,1.0,0.0,0.0
2022-09-23 02:00:00,0.0,0.0,0.0
2022-09-23 02:30:00,616.0,0.0,37.0
2022-09-23 03:00:00,3057.0,116.0,451.0
2022-09-23 03:30:00,2739.0,569.0,441.0
2022-09-23 04:00:00,1451.0,688.0,303.0
2022-09-23 04:30:00,557.0,0.0,93.0
2022-09-23 05:00:00,185.0,1.0,0.0
2022-09-23 05:30:00,119.0,0.0,0.0
2022-09-23 06:00:00,134.0,0.0,0.0
2022-09-23 06:30:00,20.0,0.0,0.0
2022-09-23 07:00:00,4.0,4.0,0.0
2022-09-23 07:30:00,0.0,0.0,0.0
2022-09-23 08:00:00,84.0,67.0,17.0
2022-09-23 08:30:00,0.0,0.0,0.0
2022-09-23 09:00:00,32.0,0.0,0.0
2022-09-23 09:30:00,2.0,2.0,0.0
2022-09-23 10:00:00,34.0,0.0,0.0
2022-09-23 10:30:00,3.0,0.0,0.0
2022-09-23 11:00:00,59.0,2.0,40.0
2022-09-23 11:30:00,268.0,0.0,43.0
2022-09-23 12:00:00,51.0,0.0,0.0
2022-09-23 12:30:00,330.0,69.0,80.0
2022-09-23 13:00:00,0.0,0.0,0.0
2022-09-23 13:30:00,1.0,0.0,0.0
2022-09-23 14:00:00,1.0,0.0,0.0
2022-09-23 14:30:00,0.0,0.0,0.0
2022-09-23 15:00:00,0.0,0.0,0.0
2022-09-23 15:30:00,0.0,0.0,0.0
2022-09-24 00:00:00,0.0,0.0,0.0
2022-09-24 00:30:00,0.0,0.0,0.0
2022-09-24 01:00:00,0.0,0.0,0.0
2022-09-24 01:30:00,0.0,0.0,0.0
2022-09-24 02:00:00,0.0,0.0,0.0
2022-09-24 02:30:00,486.0,1.0,99.0
2022-09-24 03:00:00,1567.0,105.0,221.0
2022-09-24 03:30:00,408.0,234.0,62.0
2022-09-24 04:00:00,289.0,8.0,76.0
2022-09-24 04:30:00,127.0,0.0,0.0
2022-09-24 05:00:00,66.0,0.0,24.0
2022-09-24 05:30:00,22.0,22.0,2.0
2022-09-24 06:00:00,86.0,9.0,9.0
2022-09-24 06:30:00,37.0,22.0,0.0
2022-09-24 07:00:00,53.0,0.0,0.0
2022-09-24 07:30:00,131.0,0.0,72.0
2022-09-24 08:00:00,20.0,19.0,1.0
2022-09-24 08:30:00,44.0,0.0,0.0
2022-09-24 09:00:00,4.0,0.0,0.0
2022-09-24 09:30:00,0.0,0.0,0.0
2022-09-24 10:00:00,0.0,0.0,0.0
2022-09-24 10:30:00,0.0,0.0,0.0
2022-09-24 11:00:00,0.0,0.0,0.0
2022-09-24 11:30:00,14.0,0.0,0.0
2022-09-24 12:00:00,34.0,0.0,0.0
2022-09-24 12:30:00,0.0,0.0,0.0
2022-09-24 13:00:00,0.0,0.0,0.0
2022-09-24 13:30:00,0.0,0.0,0.0
2022-09-24 14:00:00,0.0,0.0,0.0
2022-09-24 14:30:00,0.0,0.0,0.0
2022-09-24 15:00:00,0.0,0.0,0.0
2022-09-24 15:30:00,1.0,0.0,0.0
2022-09-25 00:00:00,0.0,0.0,0.0
2022-09-25 00:30:00,0.0,0.0,0.0
2022-09-25 01:00:00,0.0,0.0,0.0
2022-09-25 01:30:00,0.0,0.0,0.0
2022-09-25 02:00:00,0.0,0.0,0.0
2022-09-25 02:30:00,548.0,0.0,184.0
2022-09-25 03:00:00,1270.0,6.0,63.0
2022-09-25 03:30:00,393.0,261.0,45.0
2022-09-25 04:00:00,39.0,0.0,1.0
2022-09-25 04:30:00,79.0,15.0,15.0
2022-09-25 05:00:00,43.0,35.0,35.0
2022-09-25 05:30:00,102.0,0.0,0.0
2022-09-25 06:00:00,57.0,30.0,31.0
2022-09-25 06:30:00,118.0,45.0,44.0
2022-09-25 07:00:00,19.0,1.0,0.0
2022-09-25 07:30:00,30.0,0.0,0.0
2022-09-25 08:00:00,7.0,0.0,0.0
2022-09-25 08:30:00,0.0,0.0,0.0
2022-09-25 09:00:00,0.0,0.0,0.0
2022-09-25 09:30:00,0.0,0.0,0.0
2022-09-25 10:00:00,0.0,0.0,0.0
2022-09-25 10:30:00,21.0,0.0,0.0
2022-09-25 11:00:00,0.0,0.0,0.0
2022-09-25 11:30:00,1.0,0.0,0.0
2022-09-25 12:00:00,0.0,0.0,0.0
2022-09-25 12:30:00,26.0,0.0,0.0
2022-09-25 13:00:00,32.0,0.0,0.0
2022-09-25 13:30:00,0.0,0.0,0.0
2022-09-25 14:00:00,0.0,0.0,0.0
2022-09-25 14:30:00,0.0,0.0,0.0
2022-09-25 15:00:00,0.0,0.0,0.0
2022-09-25 15:30:00,0.0,0.0,0.0
2022-09-26 00:00:00,0.0,0.0,0.0
2022-09-26 00:30:00,0.0,0.0,0.0
2022-09-26 01:00:00,0.0,0.0,0.0
2022-09-26 01:30:00,0.0,0.0,0.0
2022-09-26 02:00:00,0.0,0.0,0.0
2022-09-26 02:30:00,689.0,0.0,108.0
2022-09-26 03:00:00,729.0,469.0,57.0
2022-09-26 03:30:00,141.0,0.0,3.0
2022-09-26 04:00:00,81.0,0.0,0.0
2022-09-26 04:30:00,297.0,0.0,16.0
2022-09-26 05:00:00,87.0,1.0,67.0
2022-09-26 05:30:00,15.0,0.0,0.0
2022-09-26 06:00:00,7.0,1.0,0.0
2022-09-26 06:30:00,44.0,0.0,0.0
2022-09-26 07:00:00,4.0,0.0,0.0
2022-09-26 07:30:00,39.0,36.0,0.0
2022-09-26 08:00:00,0.0,0.0,0.0
2022-09-26 08:30:00,24.0,0.0,13.0
2022-09-26 09:00:00,0.0,0.0,0.0
2022-09-26 09:30:00,71.0,0.0,0.0
2022-09-26 10:00:00,11.0,3.0,0.0
2022-09-26 10:30:00,34.0,2.0,0.0
2022-09-26 11:00:00,16.0,3.0,2.0
2022-09-26 11:30:00,0.0,0.0,0.0
2022-09-26 12:00:00,52.0,0.0,44.0
2022-09-26 12:30:00,0.0,0.0,0.0
2022-09-26 13:00:00,10.0,0.0,0.0
2022-09-26 13:30:00,1.0,0.0,0.0
2022-09-26 14:00:00,0.0,0.0,0.0
2022-09-26 14:30:00,0.0,0.0,0.0
2022-09-26 15:00:00,0.0,0.0,0.0
2022-09-26 15:30:00,0.0,0.0,0.0
2022-09-27 00:00:00,0.0,0.0,0.0
2022-09-27 00:30:00,0.0,0.0,0.0
2022-09-27 01:00:00,0.0,0.0,0.0
2022-09-27 01:30:00,0.0,0.0,0.0
2022-09-27 02:00:00,0.0,0.0,0.0
2022-09-27 02:30:00,1696.0,0.0,319.0
2022-09-27 03:00:00,1741.0,249.0,104.0
2022-09-27 03:30:00,758.0,293.0,375.0
2022-09-27 04:00:00,94.0,11.0,35.0
2022-09-27 04:30:00,0.0,0.0,0.0
2022-09-27 05:00:00,0.0,0.0,0.0
2022-09-27 05:30:00,55.0,0.0,6.0
2022-09-27 06:00:00,5.0,0.0,0.0
2022-09-27 06:30:00,72.0,12.0,0.0
2022-09-27 07:00:00,0.0,0.0,0.0
2022-09-27 07:30:00,0.0,0.0,0.0
2022-09-27 08:00:00,23.0,23.0,0.0
2022-09-27 08:30:00,6.0,0.0,0.0
2022-09-27 09:00:00,0.0,0.0,0.0
2022-09-27 09:30:00,8.0,0.0,3.0
2022-09-27 10:00:00,1.0,0.0,0.0
2022-09-27 10:30:00,0.0,0.0,0.0
2022-09-27 11:00:00,1.0,0.0,0.0
2022-09-27 11:30:00,1.0,0.0,0.0
2022-09-27 12:00:00,0.0,0.0,0.0
2022-09-27 12:30:00,34.0,34.0,0.0
2022-09-27 13:00:00,0.0,0.0,0.0
2022-09-27 13:30:00,2.0,1.0,1.0
2022-09-27 14:00:00,0.0,0.0,0.0
2022-09-27 14:30:00,0.0,0.0,0.0
2022-09-27 15:00:00,1.0,1.0,0.0
2022-09-27 15:30:00,0.0,0.0,0.0
2022-09-28 00:00:00,0.0,0.0,0.0
2022-09-28 00:30:00,1.0,0.0,0.0
2022-09-28 01:00:00,0.0,0.0,0.0
2022-09-28 01:30:00,1.0,0.0,0.0
2022-09-28 02:00:00,10.0,0.0,0.0
2022-09-28 02:30:00,992.0,27.0,52.0
2022-09-28 03:00:00,2934.0,654.0,364.0
2022-09-28 03:30:00,402.0,93.0,123.0
2022-09-28 04:00:00,56.0,0.0,0.0
2022-09-28 04:30:00,81.0,0.0,0.0
2022-09-28 05:00:00,144.0,63.0,0.0
2022-09-28 05:30:00,71.0,0.0,10.0
2022-09-28 06:00:00,93.0,2.0,2.0
2022-09-28 06:30:00,22.0,22.0,1.0
2022-09-28 07:00:00,164.0,0.0,0.0
2022-09-28 07:30:00,0.0,0.0,0.0
2022-09-28 08:00:00,1.0,1.0,0.0
2022-09-28 08:30:00,4.0,0.0,4.0
2022-09-28 09:00:00,195.0,0.0,7.0
2022-09-28 09:30:00,18.0,18.0,0.0
2022-09-28 10:00:00,0.0,0.0,0.0
2022-09-28 10:30:00,0.0,0.0,0.0
2022-09-28 11:00:00,4.0,1.0,0.0
2022-09-28 11:30:00,0.0,0.0,0.0
2022-09-28 12:00:00,0.0,0.0,0.0
2022-09-28 12:30:00,6.0,0.0,0.0
2022-09-28 13:00:00,0.0,0.0,0.0
2022-09-28 13:30:00,0.0,0.0,0.0
2022-09-28 14:00:00,1.0,0.0,0.0
2022-09-28 14:30:00,0.0,0.0,0.0
2022-09-28 15:00:00,0.0,0.0,0.0
2022-09-28 15:30:00,1.0,0.0,0.0
2022-09-29 00:00:00,0.0,0.0,0.0
2022-09-29 00:30:00,1.0,0.0,0.0
2022-09-29 01:00:00,0.0,0.0,0.0
2022-09-29 01:30:00,0.0,0.0,0.0
2022-09-29 02:00:00,0.0,0.0,0.0
2022-09-29 02:30:00,138.0,4.0,66.0
2022-09-29 03:00:00,827.0,473.0,158.0
2022-09-29 03:30:00,91.0,18.0,18.0
2022-09-29 04:00:00,135.0,0.0,0.0
2022-09-29 04:30:00,52.0,36.0,36.0
2022-09-29 05:00:00,4.0,4.0,0.0
2022-09-29 05:30:00,1.0,0.0,0.0
2022-09-29 06:00:00,62.0,31.0,10.0
2022-09-29 06:30:00,0.0,0.0,0.0
2022-09-29 07:00:00,1.0,0.0,0.0
2022-09-29 07:30:00,0.0,0.0,0.0
2022-09-29 08:00:00,2.0,0.0,0.0
2022-09-29 08:30:00,0.0,0.0,0.0
2022-09-29 09:00:00,18.0,0.0,5.0
2022-09-29 09:30:00,0.0,0.0,0.0
2022-09-29 10:00:00,5.0,0.0,0.0
2022-09-29 10:30:00,0.0,0.0,0.0
2022-09-29 11:00:00,0.0,0.0,0.0
2022-09-29 11:30:00,41.0,8.0,0.0
2022-09-29 12:00:00,32.0,0.0,0.0
2022-09-29 12:30:00,0.0,0.0,0.0
2022-09-29 13:00:00,0.0,0.0,0.0
2022-09-29 13:30:00,0.0,0.0,0.0
2022-09-29 14:00:00,0.0,0.0,0.0
2022-09-29 14:30:00,0.0,0.0,0.0
2022-09-29 15:00:00,0.0,0.0,0.0
2022-09-29 15:30:00,0.0,0.0,0.0
2022-09-30 00:00:00,,,
2022-09-30 00:30:00,0.0,0.0,0.0
2022-09-30 01:00:00,0.0,0.0,0.0
2022-09-30 01:30:00,0.0,0.0,0.0
2022-09-30 02:00:00,0.0,0.0,0.0
2022-09-30 02:30:00,145.0,5.0,13.0
2022-09-30 03:00:00,23.0,0.0,0.0
2022-09-30 03:30:00,18.0,0.0,18.0
2022-09-30 04:00:00,1.0,0.0,0.0
2022-09-30 04:30:00,4.0,0.0,0.0
2022-09-30 05:00:00,122.0,3.0,48.0
2022-09-30 05:30:00,28.0,0.0,0.0
2022-09-30 06:00:00,19.0,0.0,0.0
2022-09-30 06:30:00,7.0,0.0,0.0
2022-09-30 07:00:00,0.0,0.0,0.0
2022-09-30 07:30:00,0.0,0.0,0.0
2022-09-30 08:00:00,0.0,0.0,0.0
2022-09-30 08:30:00,11.0,0.0,11.0
2022-09-30 09:00:00,0.0,0.0,0.0
2022-09-30 09:30:00,0.0,0.0,0.0
2022-09-30 10:00:00,1.0,0.0,0.0
2022-09-30 10:30:00,0.0,0.0,0.0
2022-09-30 11:00:00,0.0,0.0,0.0
2022-09-30 11:30:00,33.0,0.0,0.0
2022-09-30 12:00:00,2.0,0.0,0.0
2022-09-30 12:30:00,25.0,0.0,25.0
2022-09-30 13:00:00,40.0,40.0,0.0
2022-09-30 13:30:00,0.0,0.0,0.0
2022-09-30 14:00:00,0.0,0.0,0.0
2022-09-30 14:30:00,0.0,0.0,0.0
2022-09-30 15:00:00,0.0,0.0,0.0
2022-09-30 15:30:00,0.0,0.0,0.0
2022-10-01 00:00:00,0.0,0.0,0.0
2022-10-01 00:30:00,0.0,0.0,0.0
2022-10-01 01:00:00,0.0,0.0,0.0
2022-10-01 01:30:00,0.0,0.0,0.0
2022-10-01 02:00:00,0.0,0.0,0.0
2022-10-01 02:30:00,4.0,0.0,0.0
2022-10-01 03:00:00,55.0,0.0,55.0
2022-10-01 03:30:00,0.0,0.0,0.0
2022-10-01 04:00:00,29.0,0.0,0.0
2022-10-01 04:30:00,51.0,0.0,1.0
2022-10-01 05:00:00,3.0,0.0,0.0
2022-10-01 05:30:00,14.0,14.0,0.0
2022-10-01 06:00:00,42.0,0.0,0.0
2022-10-01 06:30:00,86.0,44.0,0.0
2022-10-01 07:00:00,65.0,0.0,50.0
2022-10-01 07:30:00,87.0,5.0,24.0
2022-10-01 08:00:00,73.0,73.0,0.0
2022-10-01 08:30:00,5.0,5.0,0.0
2022-10-01 09:00:00,0.0,0.0,0.0
2022-10-01 09:30:00,10.0,0.0,3.0
2022-10-01 10:00:00,0.0,0.0,0.0
2022-10-01 10:30:00,0.0,0.0,0.0
2022-10-01 11:00:00,0.0,0.0,0.0
2022-10-01 11:30:00,30.0,4.0,0.0
2022-10-01 12:00:00,0.0,0.0,0.0
2022-10-01 12:30:00,0.0,0.0,0.0
2022-10-01 13:00:00,0.0,0.0,0.0
2022-10-01 13:30:00,1.0,0.0,0.0
2022-10-01 14:00:00,0.0,0.0,0.0
2022-10-01 14:30:00,0.0,0.0,0.0
2022-10-01 15:00:00,0.0,0.0,0.0
2022-10-01 15:30:00,0.0,0.0,0.0
2022-10-02 00:00:00,0.0,0.0,0.0
2022-10-02 00:30:00,0.0,0.0,0.0
2022-10-02 01:00:00,0.0,0.0,0.0
2022-10-02 01:30:00,0.0,0.0,0.0
2022-10-02 02:00:00,22.0,0.0,0.0
2022-10-02 02:30:00,224.0,68.0,26.0
2022-10-02 03:00:00,190.0,32.0,3.0
2022-10-02 03:30:00,13.0,0.0,0.0
2022-10-02 04:00:00,294.0,35.0,35.0
2022-10-02 04:30:00,0.0,0.0,0.0
2022-10-02 05:00:00,0.0,0.0,0.0
2022-10-02 05:30:00,91.0,74.0,1.0
2022-10-02 06:00:00,11.0,0.0,0.0
2022-10-02 06:30:00,5.0,0.0,0.0
2022-10-02 07:00:00,0.0,0.0,0.0
2022-10-02 07:30:00,43.0,0.0,0.0
2022-10-02 08:00:00,0.0,0.0,0.0
2022-10-02 08:30:00,0.0,0.0,0.0
2022-10-02 09:00:00,0.0,0.0,0.0
2022-10-02 09:30:00,0.0,0.0,0.0
2022-10-02 10:00:00,0.0,0.0,0.0
2022-10-02 10:30:00,0.0,0.0,0.0
2022-10-02 11:00:00,0.0,0.0,0.0
2022-10-02 11:30:00,0.0,0.0,0.0
2022-10-02 12:00:00,24.0,0.0,24.0
2022-10-02 12:30:00,47.0,0.0,0.0
2022-10-02 13:00:00,0.0,0.0,0.0
2022-10-02 13:30:00,2.0,0.0,0.0
2022-10-02 14:00:00,0.0,0.0,0.0
2022-10-02 14:30:00,0.0,0.0,0.0
2022-10-02 15:00:00,0.0,0.0,0.0
2022-10-02 15:30:00,0.0,0.0,0.0
2022-10-03 00:00:00,0.0,0.0,0.0
2022-10-03 00:30:00,0.0,0.0,0.0
2022-10-03 01:00:00,0.0,0.0,0.0
2022-10-03 01:30:00,0.0,0.0,0.0
2022-10-03 02:00:00,3.0,0.0,2.0
2022-10-03 02:30:00,310.0,37.0,55.0
2022-10-03 03:00:00,224.0,15.0,18.0
2022-10-03 03:30:00,87.0,0.0,0.0
2022-10-03 04:00:00,27.0,0.0,0.0
2022-10-03 04:30:00,0.0,0.0,0.0
2022-10-03 05:00:00,0.0,0.0,0.0
2022-10-03 05:30:00,27.0,0.0,2.0
2022-10-03 06:00:00,16.0,0.0,0.0
2022-10-03 06:30:00,1.0,0.0,0.0
2022-10-03 07:00:00,0.0,0.0,0.0
2022-10-03 07:30:00,29.0,29.0,0.0
2022-10-03 08:00:00,30.0,0.0,0.0
2022-10-03 08:30:00,0.0,0.0,0.0
2022-10-03 09:00:00,2.0,1.0,0.0
2022-10-03 09:30:00,0.0,0.0,0.0
2022-10-03 10:00:00,0.0,0.0,0.0
2022-10-03 10:30:00,0.0,0.0,0.0
2022-10-03 11:00:00,0.0,0.0,0.0
2022-10-03 11:30:00,0.0,0.0,0.0
2022-10-03 12:00:00,0.0,0.0,0.0
2022-10-03 12:30:00,0.0,0.0,0.0
2022-10-03 13:00:00,0.0,0.0,0.0
2022-10-03 13:30:00,2.0,0.0,0.0
2022-10-03 14:00:00,0.0,0.0,0.0
2022-10-03 14:30:00,0.0,0.0,0.0
2022-10-03 15:00:00,0.0,0.0,0.0
2022-10-03 15:30:00,0.0,0.0,0.0
2022-10-04 00:00:00,0.0,0.0,0.0
2022-10-04 00:30:00,0.0,0.0,0.0
2022-10-04 01:00:00,0.0,0.0,0.0
2022-10-04 01:30:00,0.0,0.0,0.0
2022-10-04 02:00:00,5.0,0.0,0.0
2022-10-04 02:30:00,170.0,1.0,47.0
2022-10-04 03:00:00,6.0,6.0,0.0
2022-10-04 03:30:00,51.0,0.0,0.0
2022-10-04 04:00:00,0.0,0.0,0.0
2022-10-04 04:30:00,29.0,0.0,0.0
2022-10-04 05:00:00,14.0,0.0,0.0
2022-10-04 05:30:00,0.0,0.0,0.0
2022-10-04 06:00:00,0.0,0.0,0.0
2022-10-04 06:30:00,13.0,13.0,0.0
2022-10-04 07:00:00,0.0,0.0,0.0
2022-10-04 07:30:00,0.0,0.0,0.0
2022-10-04 08:00:00,0.0,0.0,0.0
2022-10-04 08:30:00,0.0,0.0,0.0
2022-10-04 09:00:00,0.0,0.0,0.0
2022-10-04 09:30:00,0.0,0.0,0.0
2022-10-04 10:00:00,0.0,0.0,0.0
2022-10-04 10:30:00,0.0,0.0,0.0
2022-10-04 11:00:00,0.0,0.0,0.0
2022-10-04 11:30:00,0.0,0.0,0.0
2022-10-04 12:00:00,4.0,0.0,0.0
2022-10-04 12:30:00,1.0,0.0,0.0
2022-10-04 13:00:00,0.0,0.0,0.0
2022-10-04 13:30:00,,,
2022-10-04 14:00:00,0.0,0.0,0.0
2022-10-04 14:30:00,0.0,0.0,0.0
2022-10-04 15:00:00,0.0,0.0,0.0
2022-10-04 15:30:00,0.0,0.0,0.0
2022-10-05 00:00:00,0.0,0.0,0.0
2022-10-05 00:30:00,0.0,0.0,0.0
2022-10-05 01:00:00,0.0,0.0,0.0
2022-10-05 01:30:00,0.0,0.0,0.0
2022-10-05 02:00:00,1.0,0.0,0.0
2022-10-05 02:30:00,61.0,0.0,36.0
2022-10-05 03:00:00,31.0,31.0,0.0
2022-10-05 03:30:00,29.0,0.0,0.0
2022-10-05 04:00:00,0.0,0.0,0.0
2022-10-05 04:30:00,10.0,10.0,0.0
2022-10-05 05:00:00,4.0,0.0,4.0
2022-10-05 05:30:00,1.0,0.0,0.0
2022-10-05 06:00:00,19.0,0.0,0.0
2022-10-05 06:30:00,78.0,35.0,0.0
2022-10-05 07:00:00,21.0,0.0,0.0
2022-10-05 07:30:00,34.0,0.0,3.0
2022-10-05 08:00:00,34.0,0.0,0.0
2022-10-05 08:30:00,0.0,0.0,0.0
2022-10-05 09:00:00,86.0,0.0,0.0
2022-10-05 09:30:00,136.0,0.0,3.0
2022-10-05 10:00:00,3.0,0.0,0.0
2022-10-05 10:30:00,89.0,0.0,38.0
2022-10-05 11:00:00,0.0,0.0,0.0
2022-10-05 11:30:00,0.0,0.0,0.0
2022-10-05 12:00:00,0.0,0.0,0.0
2022-10-05 12:30:00,21.0,0.0,0.0
2022-10-05 13:00:00,0.0,0.0,0.0
2022-10-05 13:30:00,0.0,0.0,0.0
2022-10-05 14:00:00,0.0,0.0,0.0
2022-10-05 14:30:00,0.0,0.0,0.0
2022-10-05 15:00:00,0.0,0.0,0.0
2022-10-05 15:30:00,0.0,0.0,0.0
2022-10-06 00:00:00,0.0,0.0,0.0
2022-10-06 00:30:00,0.0,0.0,0.0
2022-10-06 01:00:00,0.0,0.0,0.0
2022-10-06 01:30:00,0.0,0.0,0.0
2022-10-06 02:00:00,1.0,0.0,1.0
2022-10-06 02:30:00,0.0,0.0,0.0
2022-10-06 03:00:00,75.0,0.0,0.0
2022-10-06 03:30:00,43.0,0.0,0.0
2022-10-06 04:00:00,0.0,0.0,0.0
2022-10-06 04:30:00,36.0,0.0,0.0
2022-10-06 05:00:00,0.0,0.0,0.0
2022-10-06 05:30:00,2.0,0.0,0.0
2022-10-06 06:00:00,71.0,71.0,0.0
2022-10-06 06:30:00,3.0,0.0,0.0
2022-10-06 07:00:00,0.0,0.0,0.0
2022-10-06 07:30:00,38.0,0.0,0.0
2022-10-06 08:00:00,0.0,0.0,0.0
2022-10-06 08:30:00,0.0,0.0,0.0
2022-10-06 09:00:00,30.0,0.0,0.0
2022-10-06 09:30:00,16.0,0.0,16.0
2022-10-06 10:00:00,21.0,0.0,0.0
2022-10-06 10:30:00,0.0,0.0,0.0
2022-10-06 11:00:00,0.0,0.0,0.0
2022-10-06 11:30:00,0.0,0.0,0.0
2022-10-06 12:00:00,0.0,0.0,0.0
2022-10-06 12:30:00,0.0,0.0,0.0
2022-10-06 13:00:00,0.0,0.0,0.0
2022-10-06 13:30:00,0.0,0.0,0.0
2022-10-06 14:00:00,0.0,0.0,0.0
2022-10-06 14:30:00,0.0,0.0,0.0
2022-10-06 15:00:00,0.0,0.0,0.0
2022-10-06 15:30:00,0.0,0.0,0.0
2022-10-07 00:00:00,0.0,0.0,0.0
2022-10-07 00:30:00,0.0,0.0,0.0
2022-10-07 01:00:00,0.0,0.0,0.0
2022-10-07 01:30:00,0.0,0.0,0.0
2022-10-07 02:00:00,551.0,0.0,35.0
2022-10-07 02:30:00,79.0,0.0,0.0
2022-10-07 03:00:00,70.0,0.0,0.0
2022-10-07 03:30:00,11.0,0.0,0.0
2022-10-07 04:00:00,114.0,2.0,79.0
2022-10-07 04:30:00,34.0,0.0,34.0
2022-10-07 05:00:00,2.0,0.0,0.0
2022-10-07 05:30:00,18.0,0.0,0.0
2022-10-07 06:00:00,0.0,0.0,0.0
2022-10-07 06:30:00,0.0,0.0,0.0
2022-10-07 07:00:00,20.0,0.0,0.0
2022-10-07 07:30:00,0.0,0.0,0.0
2022-10-07 08:00:00,0.0,0.0,0.0
2022-10-07 08:30:00,0.0,0.0,0.0
2022-10-07 09:00:00,0.0,0.0,0.0
2022-10-07 09:30:00,0.0,0.0,0.0
2022-10-07 10:00:00,0.0,0.0,0.0
2022-10-07 10:30:00,0.0,0.0,0.0
2022-10-07 11:00:00,0.0,0.0,0.0
2022-10-07 11:30:00,0.0,0.0,0.0
2022-10-07 12:00:00,0.0,0.0,0.0
2022-10-07 12:30:00,0.0,0.0,0.0
2022-10-07 13:00:00,0.0,0.0,0.0
2022-10-07 13:30:00,0.0,0.0,0.0
2022-10-07 14:00:00,0.0,0.0,0.0
2022-10-07 14:30:00,0.0,0.0,0.0
2022-10-07 15:00:00,0.0,0.0,0.0
2022-10-07 15:30:00,0.0,0.0,0.0
2022-10-08 00:00:00,0.0,0.0,0.0
2022-10-08 00:30:00,0.0,0.0,0.0
2022-10-08 01:00:00,0.0,0.0,0.0
2022-10-08 01:30:00,0.0,0.0,0.0
2022-10-08 02:00:00,39.0,0.0,0.0
2022-10-08 02:30:00,10.0,0.0,0.0
2022-10-08 03:00:00,53.0,0.0,8.0
2022-10-08 03:30:00,0.0,0.0,0.0
2022-10-08 04:00:00,1.0,1.0,1.0
2022-10-08 04:30:00,35.0,0.0,0.0
2022-10-08 05:00:00,0.0,0.0,0.0
2022-10-08 05:30:00,1.0,0.0,0.0
2022-10-08 06:00:00,0.0,0.0,0.0
2022-10-08 06:30:00,24.0,0.0,0.0
2022-10-08 07:00:00,0.0,0.0,0.0
2022-10-08 07:30:00,0.0,0.0,0.0
2022-10-08 08:00:00,0.0,0.0,0.0
2022-10-08 08:30:00,0.0,0.0,0.0
2022-10-08 09:00:00,4.0,0.0,4.0
2022-10-08 09:30:00,19.0,0.0,0.0
2022-10-08 10:00:00,0.0,0.0,0.0
2022-10-08 10:30:00,0.0,0.0,0.0
2022-10-08 11:00:00,0.0,0.0,0.0
2022-10-08 11:30:00,0.0,0.0,0.0
2022-10-08 12:00:00,0.0,0.0,0.0
2022-10-08 12:30:00,0.0,0.0,0.0
2022-10-08 13:00:00,0.0,0.0,0.0
2022-10-08 13:30:00,0.0,0.0,0.0
2022-10-08 14:00:00,0.0,0.0,0.0
2022-10-08 14:30:00,0.0,0.0,0.0
2022-10-08 15:00:00,0.0,0.0,0.0
2022-10-08 15:30:00,0.0,0.0,0.0
2022-10-09 00:00:00,0.0,0.0,0.0
2022-10-09 00:30:00,0.0,0.0,0.0
2022-10-09 01:00:00,0.0,0.0,0.0
2022-10-09 01:30:00,0.0,0.0,0.0
2022-10-09 02:00:00,19.0,0.0,0.0
2022-10-09 02:30:00,0.0,0.0,0.0
2022-10-09 03:00:00,56.0,0.0,0.0
2022-10-09 03:30:00,1.0,1.0,1.0
2022-10-09 04:00:00,39.0,22.0,0.0
2022-10-09 04:30:00,29.0,0.0,0.0
2022-10-09 05:00:00,0.0,0.0,0.0
2022-10-09 05:30:00,0.0,0.0,0.0
2022-10-09 06:00:00,0.0,0.0,0.0
2022-10-09 06:30:00,0.0,0.0,0.0
2022-10-09 07:00:00,45.0,0.0,0.0
2022-10-09 07:30:00,0.0,0.0,0.0
2022-10-09 08:00:00,38.0,0.0,36.0
2022-10-09 08:30:00,31.0,31.0,0.0
2022-10-09 09:00:00,23.0,23.0,0.0
2022-10-09 09:30:00,0.0,0.0,0.0
2022-10-09 10:00:00,0.0,0.0,0.0
2022-10-09 10:30:00,0.0,0.0,0.0
2022-10-09 11:00:00,0.0,0.0,0.0
2022-10-09 11:30:00,0.0,0.0,0.0
2022-10-09 12:00:00,0.0,0.0,0.0
2022-10-09 12:30:00,0.0,0.0,0.0
2022-10-09 13:00:00,0.0,0.0,0.0
2022-10-09 13:30:00,4.0,0.0,0.0
2022-10-09 14:00:00,0.0,0.0,0.0
2022-10-09 14:30:00,0.0,0.0,0.0
2022-10-09 15:00:00,0.0,0.0,0.0
2022-10-09 15:30:00,1.0,0.0,0.0
2022-10-10 00:00:00,0.0,0.0,0.0
2022-10-10 00:30:00,0.0,0.0,0.0
2022-10-10 01:00:00,0.0,0.0,0.0
2022-10-10 01:30:00,0.0,0.0,0.0
2022-10-10 02:00:00,76.0,0.0,0.0
2022-10-10 02:30:00,234.0,0.0,0.0
2022-10-10 03:00:00,0.0,0.0,0.0
2022-10-10 03:30:00,0.0,0.0,0.0
2022-10-10 04:00:00,0.0,0.0,0.0
2022-10-10 04:30:00,6.0,0.0,0.0
2022-10-10 05:00:00,2.0,0.0,0.0
2022-10-10 05:30:00,2.0,0.0,0.0
2022-10-10 06:00:00,0.0,0.0,0.0
2022-10-10 06:30:00,23.0,0.0,23.0
2022-10-10 07:00:00,0.0,0.0,0.0
2022-10-10 07:30:00,0.0,0.0,0.0
2022-10-10 08:00:00,0.0,0.0,0.0
2022-10-10 08:30:00,0.0,0.0,0.0
2022-10-10 09:00:00,0.0,0.0,0.0
2022-10-10 09:30:00,0.0,0.0,0.0
2022-10-10 10:00:00,0.0,0.0,0.0
2022-10-10 10:30:00,0.0,0.0,0.0
2022-10-10 11:00:00,0.0,0.0,0.0
2022-10-10 11:30:00,0.0,0.0,0.0
2022-10-10 12:00:00,0.0,0.0,0.0
2022-10-10 12:30:00,0.0,0.0,0.0
2022-10-10 13:00:00,0.0,0.0,0.0
2022-10-10 13:30:00,0.0,0.0,0.0
2022-10-10 14:00:00,0.0,0.0,0.0
2022-10-10 14:30:00,0.0,0.0,0.0
2022-10-10 15:00:00,0.0,0.0,0.0
2022-10-10 15:30:00,0.0,0.0,0.0
2022-10-11 00:00:00,0.0,0.0,0.0
2022-10-11 00:30:00,0.0,0.0,0.0
2022-10-11 01:00:00,0.0,0.0,0.0
2022-10-11 01:30:00,0.0,0.0,0.0
2022-10-11 02:00:00,27.0,0.0,0.0
2022-10-11 02:30:00,44.0,0.0,0.0
2022-10-11 03:00:00,31.0,0.0,0.0
2022-10-11 03:30:00,58.0,25.0,3.0
2022-10-11 04:00:00,33.0,0.0,0.0
2022-10-11 04:30:00,0.0,0.0,0.0
2022-10-11 05:00:00,14.0,14.0,0.0
2022-10-11 05:30:00,37.0,37.0,0.0
2022-10-11 06:00:00,0.0,0.0,0.0
2022-10-11 06:30:00,0.0,0.0,0.0
2022-10-11 07:00:00,90.0,0.0,0.0
2022-10-11 07:30:00,0.0,0.0,0.0
2022-10-11 08:00:00,0.0,0.0,0.0
2022-10-11 08:30:00,0.0,0.0,0.0
2022-10-11 09:00:00,0.0,0.0,0.0
2022-10-11 09:30:00,12.0,0.0,0.0
2022-10-11 10:00:00,0.0,0.0,0.0
2022-10-11 10:30:00,0.0,0.0,0.0
2022-10-11 11:00:00,0.0,0.0,0.0
2022-10-11 11:30:00,0.0,0.0,0.0
2022-10-11 12:00:00,0.0,0.0,0.0
2022-10-11 12:30:00,0.0,0.0,0.0
2022-10-11 13:00:00,0.0,0.0,0.0
2022-10-11 13:30:00,0.0,0.0,0.0
2022-10-11 14:00:00,0.0,0.0,0.0
2022-10-11 14:30:00,0.0,0.0,0.0
2022-10-11 15:00:00,0.0,0.0,0.0
2022-10-11 15:30:00,0.0,0.0,0.0
2022-10-12 00:00:00,0.0,0.0,0.0
2022-10-12 00:30:00,0.0,0.0,0.0
2022-10-12 01:00:00,0.0,0.0,0.0
2022-10-12 01:30:00,0.0,0.0,0.0
2022-10-12 02:00:00,0.0,0.0,0.0
2022-10-12 02:30:00,0.0,0.0,0.0
2022-10-12 03:00:00,33.0,33.0,33.0
2022-10-12 03:30:00,48.0,0.0,0.0
2022-10-12 04:00:00,30.0,0.0,0.0
2022-10-12 04:30:00,0.0,0.0,0.0
2022-10-12 05:00:00,0.0,0.0,0.0
2022-10-12 05:30:00,0.0,0.0,0.0
2022-10-12 06:00:00,0.0,0.0,0.0
2022-10-12 06:30:00,0.0,0.0,0.0
2022-10-12 07:00:00,1.0,0.0,0.0
2022-10-12 07:30:00,0.0,0.0,0.0
2022-10-12 08:00:00,0.0,0.0,0.0
2022-10-12 08:30:00,0.0,0.0,0.0
2022-10-12 09:00:00,1.0,0.0,0.0
2022-10-12 09:30:00,0.0,0.0,0.0
2022-10-12 10:00:00,0.0,0.0,0.0
2022-10-12 10:30:00,0.0,0.0,0.0
2022-10-12 11:00:00,0.0,0.0,0.0
2022-10-12 11:30:00,0.0,0.0,0.0
2022-10-12 12:00:00,0.0,0.0,0.0
2022-10-12 12:30:00,1.0,1.0,0.0
2022-10-12 13:00:00,1.0,0.0,0.0
2022-10-12 13:30:00,0.0,0.0,0.0
2022-10-12 14:00:00,0.0,0.0,0.0
2022-10-12 14:30:00,0.0,0.0,0.0
2022-10-12 15:00:00,0.0,0.0,0.0
2022-10-12 15:30:00,1.0,0.0,1.0
2022-10-13 00:00:00,0.0,0.0,0.0
2022-10-13 00:30:00,2.0,0.0,0.0
2022-10-13 01:00:00,1.0,1.0,0.0
2022-10-13 01:30:00,0.0,0.0,0.0
2022-10-13 02:00:00,0.0,0.0,0.0
2022-10-13 02:30:00,270.0,83.0,32.0
2022-10-13 03:00:00,51.0,0.0,6.0
2022-10-13 03:30:00,45.0,0.0,0.0
2022-10-13 04:00:00,28.0,0.0,2.0
2022-10-13 04:30:00,3.0,3.0,0.0
2022-10-13 05:00:00,0.0,0.0,0.0
2022-10-13 05:30:00,0.0,0.0,0.0
2022-10-13 06:00:00,0.0,0.0,0.0
2022-10-13 06:30:00,0.0,0.0,0.0
2022-10-13 07:00:00,29.0,0.0,0.0
2022-10-13 07:30:00,0.0,0.0,0.0
2022-10-13 08:00:00,0.0,0.0,0.0
2022-10-13 08:30:00,0.0,0.0,0.0
2022-10-13 09:00:00,0.0,0.0,0.0
2022-10-13 09:30:00,0.0,0.0,0.0
2022-10-13 10:00:00,0.0,0.0,0.0
2022-10-13 10:30:00,0.0,0.0,0.0
2022-10-13 11:00:00,0.0,0.0,0.0
2022-10-13 11:30:00,0.0,0.0,0.0
2022-10-13 12:00:00,0.0,0.0,0.0
2022-10-13 12:30:00,0.0,0.0,0.0
2022-10-13 13:00:00,0.0,0.0,0.0
2022-10-13 13:30:00,0.0,0.0,0.0
2022-10-13 14:00:00,0.0,0.0,0.0
2022-10-13 14:30:00,0.0,0.0,0.0
2022-10-13 15:00:00,1.0,1.0,0.0
2022-10-13 15:30:00,0.0,0.0,0.0
2022-10-14 00:00:00,,,
2022-10-14 00:30:00,0.0,0.0,0.0
2022-10-14 01:00:00,0.0,0.0,0.0
2022-10-14 01:30:00,0.0,0.0,0.0
2022-10-14 02:00:00,54.0,0.0,0.0
2022-10-14 02:30:00,91.0,0.0,0.0
2022-10-14 03:00:00,5.0,0.0,0.0
2022-10-14 03:30:00,1.0,0.0,0.0
2022-10-14 04:00:00,56.0,30.0,0.0
2022-10-14 04:30:00,0.0,0.0,0.0
2022-10-14 05:00:00,0.0,0.0,0.0
2022-10-14 05:30:00,6.0,0.0,6.0
2022-10-14 06:00:00,2.0,2.0,2.0
2022-10-14 06:30:00,0.0,0.0,0.0
2022-10-14 07:00:00,21.0,21.0,0.0
2022-10-14 07:30:00,18.0,0.0,0.0
2022-10-14 08:00:00,0.0,0.0,0.0
2022-10-14 08:30:00,0.0,0.0,0.0
2022-10-14 09:00:00,0.0,0.0,0.0
2022-10-14 09:30:00,0.0,0.0,0.0
2022-10-14 10:00:00,0.0,0.0,0.0
2022-10-14 10:30:00,0.0,0.0,0.0
2022-10-14 11:00:00,0.0,0.0,0.0
2022-10-14 11:30:00,0.0,0.0,0.0
2022-10-14 12:00:00,0.0,0.0,0.0
2022-10-14 12:30:00,0.0,0.0,0.0
2022-10-14 13:00:00,0.0,0.0,0.0
2022-10-14 13:30:00,0.0,0.0,0.0
2022-10-14 14:00:00,0.0,0.0,0.0
2022-10-14 14:30:00,0.0,0.0,0.0
2022-10-14 15:00:00,0.0,0.0,0.0
2022-10-14 15:30:00,0.0,0.0,0.0
2022-10-15 00:00:00,0.0,0.0,0.0
2022-10-15 00:30:00,0.0,0.0,0.0
2022-10-15 01:00:00,1.0,1.0,0.0
2022-10-15 01:30:00,0.0,0.0,0.0
2022-10-15 02:00:00,25.0,0.0,0.0
2022-10-15 02:30:00,57.0,0.0,0.0
2022-10-15 03:00:00,68.0,0.0,0.0
2022-10-15 03:30:00,111.0,108.0,0.0
2022-10-15 04:00:00,0.0,0.0,0.0
2022-10-15 04:30:00,97.0,41.0,0.0
2022-10-15 05:00:00,0.0,0.0,0.0
2022-10-15 05:30:00,0.0,0.0,0.0
2022-10-15 06:00:00,52.0,0.0,0.0
2022-10-15 06:30:00,44.0,0.0,0.0
2022-10-15 07:00:00,0.0,0.0,0.0
2022-10-15 07:30:00,18.0,0.0,0.0
2022-10-15 08:00:00,0.0,0.0,0.0
2022-10-15 08:30:00,0.0,0.0,0.0
2022-10-15 09:00:00,0.0,0.0,0.0
2022-10-15 09:30:00,0.0,0.0,0.0
2022-10-15 10:00:00,0.0,0.0,0.0
2022-10-15 10:30:00,0.0,0.0,0.0
2022-10-15 11:00:00,0.0,0.0,0.0
2022-10-15 11:30:00,1.0,0.0,0.0
2022-10-15 12:00:00,0.0,0.0,0.0
2022-10-15 12:30:00,0.0,0.0,0.0
2022-10-15 13:00:00,0.0,0.0,0.0
2022-10-15 13:30:00,0.0,0.0,0.0
2022-10-15 14:00:00,0.0,0.0,0.0
2022-10-15 14:30:00,0.0,0.0,0.0
2022-10-15 15:00:00,0.0,0.0,0.0
2022-10-15 15:30:00,2.0,0.0,1.0
2022-10-16 00:00:00,0.0,0.0,0.0
2022-10-16 00:30:00,0.0,0.0,0.0
2022-10-16 01:00:00,0.0,0.0,0.0
2022-10-16 01:30:00,0.0,0.0,0.0
2022-10-16 02:00:00,225.0,59.0,29.0
2022-10-16 02:30:00,437.0,271.0,111.0
2022-10-16 03:00:00,41.0,1.0,6.0
2022-10-16 03:30:00,92.0,0.0,43.0
2022-10-16 04:00:00,11.0,0.0,0.0
2022-10-16 04:30:00,24.0,0.0,0.0
2022-10-16 05:00:00,4.0,0.0,0.0
2022-10-16 05:30:00,0.0,0.0,0.0
2022-10-16 06:00:00,0.0,0.0,0.0
2022-10-16 06:30:00,0.0,0.0,0.0
2022-10-16 07:00:00,24.0,0.0,0.0
2022-10-16 07:30:00,0.0,0.0,0.0
2022-10-16 08:00:00,0.0,0.0,0.0
2022-10-16 08:30:00,0.0,0.0,0.0
2022-10-16 09:00:00,0.0,0.0,0.0
2022-10-16 09:30:00,0.0,0.0,0.0
2022-10-16 10:00:00,33.0,33.0,33.0
2022-10-16 10:30:00,1.0,0.0,0.0
2022-10-16 11:00:00,0.0,0.0,0.0
2022-10-16 11:30:00,0.0,0.0,0.0
2022-10-16 12:00:00,0.0,0.0,0.0
2022-10-16 12:30:00,0.0,0.0,0.0
2022-10-16 13:00:00,1.0,0.0,0.0
2022-10-16 13:30:00,0.0,0.0,0.0
2022-10-16 14:00:00,1.0,0.0,0.0
2022-10-16 14:30:00,0.0,0.0,0.0
2022-10-16 15:00:00,0.0,0.0,0.0
2022-10-16 15:30:00,0.0,0.0,0.0
2022-10-17 00:00:00,0.0,0.0,0.0
2022-10-17 00:30:00,0.0,0.0,0.0
2022-10-17 01:00:00,0.0,0.0,0.0
2022-10-17 01:30:00,0.0,0.0,0.0
2022-10-17 02:00:00,168.0,7.0,47.0
2022-10-17 02:30:00,1.0,0.0,0.0
2022-10-17 03:00:00,206.0,0.0,29.0
2022-10-17 03:30:00,225.0,39.0,35.0
2022-10-17 04:00:00,137.0,22.0,11.0
2022-10-17 04:30:00,111.0,1.0,0.0
2022-10-17 05:00:00,99.0,13.0,8.0
2022-10-17 05:30:00,25.0,0.0,0.0
2022-10-17 06:00:00,32.0,0.0,0.0
2022-10-17 06:30:00,99.0,0.0,41.0
2022-10-17 07:00:00,0.0,0.0,0.0
2022-10-17 07:30:00,24.0,0.0,0.0
2022-10-17 08:00:00,23.0,0.0,12.0
2022-10-17 08:30:00,0.0,0.0,0.0
2022-10-17 09:00:00,53.0,0.0,0.0
2022-10-17 09:30:00,0.0,0.0,0.0
2022-10-17 10:00:00,19.0,0.0,0.0
2022-10-17 10:30:00,0.0,0.0,0.0
2022-10-17 11:00:00,0.0,0.0,0.0
2022-10-17 11:30:00,0.0,0.0,0.0
2022-10-17 12:00:00,0.0,0.0,0.0
2022-10-17 12:30:00,0.0,0.0,0.0
2022-10-17 13:00:00,0.0,0.0,0.0
2022-10-17 13:30:00,0.0,0.0,0.0
2022-10-17 14:00:00,0.0,0.0,0.0
2022-10-17 14:30:00,0.0,0.0,0.0
2022-10-17 15:00:00,0.0,0.0,0.0
2022-10-17 15:30:00,0.0,0.0,0.0
