datetime_UTC,num_dets (30of30),num_dets (5of30),num_dets (1of6)
2022-07-23 00:00:00,0.0,0.0,0.0
2022-07-23 00:30:00,0.0,0.0,0.0
2022-07-23 01:00:00,0.0,0.0,0.0
2022-07-23 01:30:00,0.0,0.0,0.0
2022-07-23 02:00:00,0.0,0.0,0.0
2022-07-23 02:30:00,0.0,0.0,0.0
2022-07-23 03:00:00,0.0,0.0,0.0
2022-07-23 03:30:00,0.0,0.0,0.0
2022-07-23 04:00:00,53.0,0.0,0.0
2022-07-23 04:30:00,1277.0,156.0,175.0
2022-07-23 05:00:00,626.0,32.0,349.0
2022-07-23 05:30:00,92.0,0.0,0.0
2022-07-23 06:00:00,1806.0,311.0,283.0
2022-07-23 06:30:00,355.0,316.0,25.0
2022-07-23 07:00:00,721.0,138.0,131.0
2022-07-23 07:30:00,587.0,45.0,69.0
2022-07-23 08:00:00,2936.0,259.0,428.0
2022-07-23 08:30:00,6767.0,429.0,874.0
2022-07-23 09:00:00,5187.0,854.0,639.0
2022-07-23 09:30:00,5398.0,1211.0,1034.0
2022-07-23 10:00:00,4002.0,861.0,637.0
2022-07-23 10:30:00,3987.0,540.0,580.0
2022-07-23 11:00:00,4826.0,1038.0,772.0
2022-07-23 11:30:00,1938.0,244.0,253.0
2022-07-23 12:00:00,38.0,32.0,0.0
2022-07-23 12:30:00,0.0,0.0,0.0
2022-07-23 13:00:00,0.0,0.0,0.0
2022-07-23 13:30:00,0.0,0.0,0.0
2022-07-23 14:00:00,0.0,0.0,0.0
2022-07-23 14:30:00,0.0,0.0,0.0
2022-07-23 15:00:00,0.0,0.0,0.0
2022-07-23 15:30:00,0.0,0.0,0.0
2022-07-24 00:00:00,0.0,0.0,0.0
2022-07-24 00:30:00,0.0,0.0,0.0
2022-07-24 01:00:00,0.0,0.0,0.0
2022-07-24 01:30:00,0.0,0.0,0.0
2022-07-24 02:00:00,0.0,0.0,0.0
2022-07-24 02:30:00,0.0,0.0,0.0
2022-07-24 03:00:00,0.0,0.0,0.0
2022-07-24 03:30:00,0.0,0.0,0.0
2022-07-24 04:00:00,0.0,0.0,0.0
2022-07-24 04:30:00,1662.0,266.0,90.0
2022-07-24 05:00:00,114.0,49.0,49.0
2022-07-24 05:30:00,30.0,1.0,12.0
2022-07-24 06:00:00,67.0,3.0,35.0
2022-07-24 06:30:00,17.0,0.0,0.0
2022-07-24 07:00:00,102.0,1.0,0.0
2022-07-24 07:30:00,310.0,105.0,21.0
2022-07-24 08:00:00,471.0,226.0,63.0
2022-07-24 08:30:00,247.0,18.0,82.0
2022-07-24 09:00:00,384.0,45.0,38.0
2022-07-24 09:30:00,727.0,90.0,80.0
2022-07-24 10:00:00,985.0,221.0,96.0
2022-07-24 10:30:00,1070.0,139.0,255.0
2022-07-24 11:00:00,402.0,41.0,21.0
2022-07-24 11:30:00,4327.0,73.0,738.0
2022-07-24 12:00:00,25.0,0.0,0.0
2022-07-24 12:30:00,0.0,0.0,0.0
2022-07-24 13:00:00,9.0,0.0,1.0
2022-07-24 13:30:00,0.0,0.0,0.0
2022-07-24 14:00:00,0.0,0.0,0.0
2022-07-24 14:30:00,0.0,0.0,0.0
2022-07-24 15:00:00,0.0,0.0,0.0
2022-07-24 15:30:00,1.0,0.0,0.0
2022-07-25 00:00:00,0.0,0.0,0.0
2022-07-25 00:30:00,0.0,0.0,0.0
2022-07-25 01:00:00,0.0,0.0,0.0
2022-07-25 01:30:00,0.0,0.0,0.0
2022-07-25 02:00:00,0.0,0.0,0.0
2022-07-25 02:30:00,0.0,0.0,0.0
2022-07-25 03:00:00,0.0,0.0,0.0
2022-07-25 03:30:00,0.0,0.0,0.0
2022-07-25 04:00:00,192.0,0.0,0.0
2022-07-25 04:30:00,1751.0,426.0,285.0
2022-07-25 05:00:00,430.0,310.0,71.0
2022-07-25 05:30:00,64.0,0.0,0.0
2022-07-25 06:00:00,106.0,26.0,0.0
2022-07-25 06:30:00,203.0,117.0,0.0
2022-07-25 07:00:00,51.0,2.0,9.0
2022-07-25 07:30:00,272.0,57.0,57.0
2022-07-25 08:00:00,164.0,49.0,14.0
2022-07-25 08:30:00,1515.0,242.0,208.0
2022-07-25 09:00:00,546.0,0.0,159.0
2022-07-25 09:30:00,526.0,35.0,135.0
2022-07-25 10:00:00,1990.0,57.0,264.0
2022-07-25 10:30:00,1645.0,205.0,310.0
2022-07-25 11:00:00,1387.0,239.0,342.0
2022-07-25 11:30:00,6894.0,1087.0,957.0
2022-07-25 12:00:00,16.0,16.0,16.0
2022-07-25 12:30:00,1.0,0.0,0.0
2022-07-25 13:00:00,0.0,0.0,0.0
2022-07-25 13:30:00,0.0,0.0,0.0
2022-07-25 14:00:00,0.0,0.0,0.0
2022-07-25 14:30:00,0.0,0.0,0.0
2022-07-25 15:00:00,0.0,0.0,0.0
2022-07-25 15:30:00,0.0,0.0,0.0
2022-07-26 00:00:00,,,
2022-07-26 00:30:00,,,
2022-07-26 01:00:00,,,
2022-07-26 01:30:00,,,
2022-07-26 02:00:00,,,
2022-07-26 02:30:00,,,
2022-07-26 03:00:00,,,
2022-07-26 03:30:00,,,
2022-07-26 04:00:00,,,
2022-07-26 04:30:00,,,
2022-07-26 05:00:00,,,
2022-07-26 05:30:00,,,
2022-07-26 06:00:00,,,
2022-07-26 06:30:00,,,
2022-07-26 07:00:00,,,
2022-07-26 07:30:00,,,
2022-07-26 08:00:00,,,
2022-07-26 08:30:00,,,
2022-07-26 09:00:00,,,
2022-07-26 09:30:00,,,
2022-07-26 10:00:00,,,
2022-07-26 10:30:00,,,
2022-07-26 11:00:00,,,
2022-07-26 11:30:00,,,
2022-07-26 12:00:00,,,
2022-07-26 12:30:00,,,
2022-07-26 13:00:00,,,
2022-07-26 13:30:00,,,
2022-07-26 14:00:00,,,
2022-07-26 14:30:00,,,
2022-07-26 15:00:00,,,
2022-07-26 15:30:00,,,
2022-07-27 00:00:00,,,
2022-07-27 00:30:00,,,
2022-07-27 01:00:00,,,
2022-07-27 01:30:00,,,
2022-07-27 02:00:00,,,
2022-07-27 02:30:00,,,
2022-07-27 03:00:00,,,
2022-07-27 03:30:00,,,
2022-07-27 04:00:00,,,
2022-07-27 04:30:00,,,
2022-07-27 05:00:00,,,
2022-07-27 05:30:00,,,
2022-07-27 06:00:00,,,
2022-07-27 06:30:00,,,
2022-07-27 07:00:00,,,
2022-07-27 07:30:00,,,
2022-07-27 08:00:00,,,
2022-07-27 08:30:00,,,
2022-07-27 09:00:00,,,
2022-07-27 09:30:00,,,
2022-07-27 10:00:00,,,
2022-07-27 10:30:00,,,
2022-07-27 11:00:00,,,
2022-07-27 11:30:00,,,
2022-07-27 12:00:00,,,
2022-07-27 12:30:00,,,
2022-07-27 13:00:00,,,
2022-07-27 13:30:00,,,
2022-07-27 14:00:00,,,
2022-07-27 14:30:00,,,
2022-07-27 15:00:00,,,
2022-07-27 15:30:00,,,
2022-07-28 00:00:00,,,
2022-07-28 00:30:00,,,
2022-07-28 01:00:00,,,
2022-07-28 01:30:00,,,
2022-07-28 02:00:00,,,
2022-07-28 02:30:00,,,
2022-07-28 03:00:00,,,
2022-07-28 03:30:00,,,
2022-07-28 04:00:00,,,
2022-07-28 04:30:00,,,
2022-07-28 05:00:00,,,
2022-07-28 05:30:00,,,
2022-07-28 06:00:00,,,
2022-07-28 06:30:00,,,
2022-07-28 07:00:00,,,
2022-07-28 07:30:00,,,
2022-07-28 08:00:00,,,
2022-07-28 08:30:00,,,
2022-07-28 09:00:00,,,
2022-07-28 09:30:00,,,
2022-07-28 10:00:00,,,
2022-07-28 10:30:00,,,
2022-07-28 11:00:00,,,
2022-07-28 11:30:00,,,
2022-07-28 12:00:00,,,
2022-07-28 12:30:00,,,
2022-07-28 13:00:00,,,
2022-07-28 13:30:00,,,
2022-07-28 14:00:00,,,
2022-07-28 14:30:00,,,
2022-07-28 15:00:00,,,
2022-07-28 15:30:00,,,
2022-07-29 00:00:00,,,
2022-07-29 00:30:00,,,
2022-07-29 01:00:00,,,
2022-07-29 01:30:00,,,
2022-07-29 02:00:00,,,
2022-07-29 02:30:00,,,
2022-07-29 03:00:00,,,
2022-07-29 03:30:00,,,
2022-07-29 04:00:00,,,
2022-07-29 04:30:00,,,
2022-07-29 05:00:00,,,
2022-07-29 05:30:00,,,
2022-07-29 06:00:00,,,
2022-07-29 06:30:00,,,
2022-07-29 07:00:00,,,
2022-07-29 07:30:00,,,
2022-07-29 08:00:00,,,
2022-07-29 08:30:00,,,
2022-07-29 09:00:00,,,
2022-07-29 09:30:00,,,
2022-07-29 10:00:00,,,
2022-07-29 10:30:00,,,
2022-07-29 11:00:00,,,
2022-07-29 11:30:00,,,
2022-07-29 12:00:00,,,
2022-07-29 12:30:00,,,
2022-07-29 13:00:00,,,
2022-07-29 13:30:00,,,
2022-07-29 14:00:00,,,
2022-07-29 14:30:00,,,
2022-07-29 15:00:00,,,
2022-07-29 15:30:00,,,
2022-07-30 00:00:00,,,
2022-07-30 00:30:00,,,
2022-07-30 01:00:00,,,
2022-07-30 01:30:00,,,
2022-07-30 02:00:00,,,
2022-07-30 02:30:00,,,
2022-07-30 03:00:00,,,
2022-07-30 03:30:00,,,
2022-07-30 04:00:00,,,
2022-07-30 04:30:00,,,
2022-07-30 05:00:00,,,
2022-07-30 05:30:00,,,
2022-07-30 06:00:00,,,
2022-07-30 06:30:00,,,
2022-07-30 07:00:00,,,
2022-07-30 07:30:00,,,
2022-07-30 08:00:00,,,
2022-07-30 08:30:00,,,
2022-07-30 09:00:00,,,
2022-07-30 09:30:00,,,
2022-07-30 10:00:00,,,
2022-07-30 10:30:00,,,
2022-07-30 11:00:00,,,
2022-07-30 11:30:00,,,
2022-07-30 12:00:00,,,
2022-07-30 12:30:00,,,
2022-07-30 13:00:00,,,
2022-07-30 13:30:00,,,
2022-07-30 14:00:00,,,
2022-07-30 14:30:00,,,
2022-07-30 15:00:00,,,
2022-07-30 15:30:00,,,
2022-07-31 00:00:00,,,
2022-07-31 00:30:00,,,
2022-07-31 01:00:00,,,
2022-07-31 01:30:00,,,
2022-07-31 02:00:00,,,
2022-07-31 02:30:00,,,
2022-07-31 03:00:00,,,
2022-07-31 03:30:00,,,
2022-07-31 04:00:00,,,
2022-07-31 04:30:00,,,
2022-07-31 05:00:00,,,
2022-07-31 05:30:00,,,
2022-07-31 06:00:00,,,
2022-07-31 06:30:00,,,
2022-07-31 07:00:00,,,
2022-07-31 07:30:00,,,
2022-07-31 08:00:00,,,
2022-07-31 08:30:00,,,
2022-07-31 09:00:00,,,
2022-07-31 09:30:00,,,
2022-07-31 10:00:00,,,
2022-07-31 10:30:00,,,
2022-07-31 11:00:00,,,
2022-07-31 11:30:00,,,
2022-07-31 12:00:00,,,
2022-07-31 12:30:00,,,
2022-07-31 13:00:00,,,
2022-07-31 13:30:00,,,
2022-07-31 14:00:00,,,
2022-07-31 14:30:00,,,
2022-07-31 15:00:00,,,
2022-07-31 15:30:00,,,
2022-08-01 00:00:00,,,
2022-08-01 00:30:00,,,
2022-08-01 01:00:00,,,
2022-08-01 01:30:00,,,
2022-08-01 02:00:00,,,
2022-08-01 02:30:00,,,
2022-08-01 03:00:00,,,
2022-08-01 03:30:00,,,
2022-08-01 04:00:00,,,
2022-08-01 04:30:00,,,
2022-08-01 05:00:00,,,
2022-08-01 05:30:00,,,
2022-08-01 06:00:00,,,
2022-08-01 06:30:00,,,
2022-08-01 07:00:00,,,
2022-08-01 07:30:00,,,
2022-08-01 08:00:00,,,
2022-08-01 08:30:00,,,
2022-08-01 09:00:00,,,
2022-08-01 09:30:00,,,
2022-08-01 10:00:00,,,
2022-08-01 10:30:00,,,
2022-08-01 11:00:00,,,
2022-08-01 11:30:00,,,
2022-08-01 12:00:00,,,
2022-08-01 12:30:00,,,
2022-08-01 13:00:00,,,
2022-08-01 13:30:00,,,
2022-08-01 14:00:00,,,
2022-08-01 14:30:00,,,
2022-08-01 15:00:00,,,
2022-08-01 15:30:00,,,
2022-08-02 00:00:00,,,
2022-08-02 00:30:00,,,
2022-08-02 01:00:00,,,
2022-08-02 01:30:00,,,
2022-08-02 02:00:00,,,
2022-08-02 02:30:00,,,
2022-08-02 03:00:00,,,
2022-08-02 03:30:00,,,
2022-08-02 04:00:00,,,
2022-08-02 04:30:00,,,
2022-08-02 05:00:00,,,
2022-08-02 05:30:00,,,
2022-08-02 06:00:00,,,
2022-08-02 06:30:00,,,
2022-08-02 07:00:00,,,
2022-08-02 07:30:00,,,
2022-08-02 08:00:00,,,
2022-08-02 08:30:00,,,
2022-08-02 09:00:00,,,
2022-08-02 09:30:00,,,
2022-08-02 10:00:00,,,
2022-08-02 10:30:00,,,
2022-08-02 11:00:00,,,
2022-08-02 11:30:00,,,
2022-08-02 12:00:00,,,
2022-08-02 12:30:00,,,
2022-08-02 13:00:00,,,
2022-08-02 13:30:00,,,
2022-08-02 14:00:00,,,
2022-08-02 14:30:00,,,
2022-08-02 15:00:00,,,
2022-08-02 15:30:00,,,
2022-08-03 00:00:00,,,
2022-08-03 00:30:00,,,
2022-08-03 01:00:00,,,
2022-08-03 01:30:00,,,
2022-08-03 02:00:00,,,
2022-08-03 02:30:00,,,
2022-08-03 03:00:00,,,
2022-08-03 03:30:00,,,
2022-08-03 04:00:00,,,
2022-08-03 04:30:00,,,
2022-08-03 05:00:00,,,
2022-08-03 05:30:00,,,
2022-08-03 06:00:00,,,
2022-08-03 06:30:00,,,
2022-08-03 07:00:00,,,
2022-08-03 07:30:00,,,
2022-08-03 08:00:00,,,
2022-08-03 08:30:00,,,
2022-08-03 09:00:00,,,
2022-08-03 09:30:00,,,
2022-08-03 10:00:00,,,
2022-08-03 10:30:00,,,
2022-08-03 11:00:00,,,
2022-08-03 11:30:00,,,
2022-08-03 12:00:00,,,
2022-08-03 12:30:00,,,
2022-08-03 13:00:00,,,
2022-08-03 13:30:00,,,
2022-08-03 14:00:00,,,
2022-08-03 14:30:00,,,
2022-08-03 15:00:00,,,
2022-08-03 15:30:00,,,
2022-08-04 00:00:00,,,
2022-08-04 00:30:00,,,
2022-08-04 01:00:00,,,
2022-08-04 01:30:00,,,
2022-08-04 02:00:00,,,
2022-08-04 02:30:00,,,
2022-08-04 03:00:00,,,
2022-08-04 03:30:00,,,
2022-08-04 04:00:00,,,
2022-08-04 04:30:00,,,
2022-08-04 05:00:00,,,
2022-08-04 05:30:00,,,
2022-08-04 06:00:00,,,
2022-08-04 06:30:00,,,
2022-08-04 07:00:00,,,
2022-08-04 07:30:00,,,
2022-08-04 08:00:00,,,
2022-08-04 08:30:00,,,
2022-08-04 09:00:00,,,
2022-08-04 09:30:00,,,
2022-08-04 10:00:00,,,
2022-08-04 10:30:00,,,
2022-08-04 11:00:00,,,
2022-08-04 11:30:00,,,
2022-08-04 12:00:00,,,
2022-08-04 12:30:00,,,
2022-08-04 13:00:00,,,
2022-08-04 13:30:00,,,
2022-08-04 14:00:00,,,
2022-08-04 14:30:00,,,
2022-08-04 15:00:00,,,
2022-08-04 15:30:00,,,
2022-08-05 00:00:00,,,
2022-08-05 00:30:00,,,
2022-08-05 01:00:00,,,
2022-08-05 01:30:00,,,
2022-08-05 02:00:00,,,
2022-08-05 02:30:00,,,
2022-08-05 03:00:00,,,
2022-08-05 03:30:00,,,
2022-08-05 04:00:00,,,
2022-08-05 04:30:00,,,
2022-08-05 05:00:00,,,
2022-08-05 05:30:00,,,
2022-08-05 06:00:00,,,
2022-08-05 06:30:00,,,
2022-08-05 07:00:00,,,
2022-08-05 07:30:00,,,
2022-08-05 08:00:00,,,
2022-08-05 08:30:00,,,
2022-08-05 09:00:00,,,
2022-08-05 09:30:00,,,
2022-08-05 10:00:00,,,
2022-08-05 10:30:00,,,
2022-08-05 11:00:00,,,
2022-08-05 11:30:00,,,
2022-08-05 12:00:00,,,
2022-08-05 12:30:00,,,
2022-08-05 13:00:00,,,
2022-08-05 13:30:00,,,
2022-08-05 14:00:00,,,
2022-08-05 14:30:00,,,
2022-08-05 15:00:00,,,
2022-08-05 15:30:00,,,
2022-08-06 00:00:00,,,
2022-08-06 00:30:00,,,
2022-08-06 01:00:00,,,
2022-08-06 01:30:00,,,
2022-08-06 02:00:00,,,
2022-08-06 02:30:00,,,
2022-08-06 03:00:00,,,
2022-08-06 03:30:00,,,
2022-08-06 04:00:00,,,
2022-08-06 04:30:00,,,
2022-08-06 05:00:00,,,
2022-08-06 05:30:00,,,
2022-08-06 06:00:00,,,
2022-08-06 06:30:00,,,
2022-08-06 07:00:00,,,
2022-08-06 07:30:00,,,
2022-08-06 08:00:00,,,
2022-08-06 08:30:00,,,
2022-08-06 09:00:00,,,
2022-08-06 09:30:00,,,
2022-08-06 10:00:00,,,
2022-08-06 10:30:00,,,
2022-08-06 11:00:00,,,
2022-08-06 11:30:00,,,
2022-08-06 12:00:00,,,
2022-08-06 12:30:00,,,
2022-08-06 13:00:00,,,
2022-08-06 13:30:00,,,
2022-08-06 14:00:00,,,
2022-08-06 14:30:00,,,
2022-08-06 15:00:00,,,
2022-08-06 15:30:00,,,
2022-08-07 00:00:00,,,
2022-08-07 00:30:00,,,
2022-08-07 01:00:00,,,
2022-08-07 01:30:00,,,
2022-08-07 02:00:00,,,
2022-08-07 02:30:00,,,
2022-08-07 03:00:00,,,
2022-08-07 03:30:00,,,
2022-08-07 04:00:00,,,
2022-08-07 04:30:00,,,
2022-08-07 05:00:00,,,
2022-08-07 05:30:00,,,
2022-08-07 06:00:00,,,
2022-08-07 06:30:00,,,
2022-08-07 07:00:00,,,
2022-08-07 07:30:00,,,
2022-08-07 08:00:00,,,
2022-08-07 08:30:00,,,
2022-08-07 09:00:00,,,
2022-08-07 09:30:00,,,
2022-08-07 10:00:00,,,
2022-08-07 10:30:00,,,
2022-08-07 11:00:00,,,
2022-08-07 11:30:00,,,
2022-08-07 12:00:00,,,
2022-08-07 12:30:00,,,
2022-08-07 13:00:00,,,
2022-08-07 13:30:00,,,
2022-08-07 14:00:00,,,
2022-08-07 14:30:00,,,
2022-08-07 15:00:00,,,
2022-08-07 15:30:00,,,
2022-08-08 00:00:00,,,
2022-08-08 00:30:00,,,
2022-08-08 01:00:00,,,
2022-08-08 01:30:00,,,
2022-08-08 02:00:00,,,
2022-08-08 02:30:00,,,
2022-08-08 03:00:00,,,
2022-08-08 03:30:00,,,
2022-08-08 04:00:00,,,
2022-08-08 04:30:00,,,
2022-08-08 05:00:00,,,
2022-08-08 05:30:00,,,
2022-08-08 06:00:00,,,
2022-08-08 06:30:00,,,
2022-08-08 07:00:00,,,
2022-08-08 07:30:00,,,
2022-08-08 08:00:00,,,
2022-08-08 08:30:00,,,
2022-08-08 09:00:00,,,
2022-08-08 09:30:00,,,
2022-08-08 10:00:00,,,
2022-08-08 10:30:00,,,
2022-08-08 11:00:00,,,
2022-08-08 11:30:00,,,
2022-08-08 12:00:00,,,
2022-08-08 12:30:00,,,
2022-08-08 13:00:00,,,
2022-08-08 13:30:00,,,
2022-08-08 14:00:00,,,
2022-08-08 14:30:00,,,
2022-08-08 15:00:00,,,
2022-08-08 15:30:00,,,
2022-08-09 00:00:00,,,
2022-08-09 00:30:00,,,
2022-08-09 01:00:00,,,
2022-08-09 01:30:00,,,
2022-08-09 02:00:00,,,
2022-08-09 02:30:00,,,
2022-08-09 03:00:00,,,
2022-08-09 03:30:00,,,
2022-08-09 04:00:00,,,
2022-08-09 04:30:00,,,
2022-08-09 05:00:00,,,
2022-08-09 05:30:00,,,
2022-08-09 06:00:00,,,
2022-08-09 06:30:00,,,
2022-08-09 07:00:00,,,
2022-08-09 07:30:00,,,
2022-08-09 08:00:00,,,
2022-08-09 08:30:00,,,
2022-08-09 09:00:00,,,
2022-08-09 09:30:00,,,
2022-08-09 10:00:00,,,
2022-08-09 10:30:00,,,
2022-08-09 11:00:00,,,
2022-08-09 11:30:00,,,
2022-08-09 12:00:00,,,
2022-08-09 12:30:00,,,
2022-08-09 13:00:00,,,
2022-08-09 13:30:00,,,
2022-08-09 14:00:00,,,
2022-08-09 14:30:00,,,
2022-08-09 15:00:00,,,
2022-08-09 15:30:00,,,
2022-08-10 00:00:00,,,
2022-08-10 00:30:00,,,
2022-08-10 01:00:00,,,
2022-08-10 01:30:00,,,
2022-08-10 02:00:00,,,
2022-08-10 02:30:00,,,
2022-08-10 03:00:00,,,
2022-08-10 03:30:00,,,
2022-08-10 04:00:00,,,
2022-08-10 04:30:00,,,
2022-08-10 05:00:00,,,
2022-08-10 05:30:00,,,
2022-08-10 06:00:00,,,
2022-08-10 06:30:00,,,
2022-08-10 07:00:00,,,
2022-08-10 07:30:00,,,
2022-08-10 08:00:00,,,
2022-08-10 08:30:00,,,
2022-08-10 09:00:00,,,
2022-08-10 09:30:00,,,
2022-08-10 10:00:00,,,
2022-08-10 10:30:00,,,
2022-08-10 11:00:00,,,
2022-08-10 11:30:00,,,
2022-08-10 12:00:00,,,
2022-08-10 12:30:00,,,
2022-08-10 13:00:00,,,
2022-08-10 13:30:00,,,
2022-08-10 14:00:00,,,
2022-08-10 14:30:00,,,
2022-08-10 15:00:00,,,
2022-08-10 15:30:00,,,
2022-08-11 00:00:00,,,
2022-08-11 00:30:00,,,
2022-08-11 01:00:00,,,
2022-08-11 01:30:00,,,
2022-08-11 02:00:00,,,
2022-08-11 02:30:00,,,
2022-08-11 03:00:00,,,
2022-08-11 03:30:00,,,
2022-08-11 04:00:00,,,
2022-08-11 04:30:00,,,
2022-08-11 05:00:00,,,
2022-08-11 05:30:00,,,
2022-08-11 06:00:00,,,
2022-08-11 06:30:00,,,
2022-08-11 07:00:00,,,
2022-08-11 07:30:00,,,
2022-08-11 08:00:00,,,
2022-08-11 08:30:00,,,
2022-08-11 09:00:00,,,
2022-08-11 09:30:00,,,
2022-08-11 10:00:00,,,
2022-08-11 10:30:00,,,
2022-08-11 11:00:00,,,
2022-08-11 11:30:00,,,
2022-08-11 12:00:00,,,
2022-08-11 12:30:00,,,
2022-08-11 13:00:00,,,
2022-08-11 13:30:00,,,
2022-08-11 14:00:00,,,
2022-08-11 14:30:00,,,
2022-08-11 15:00:00,,,
2022-08-11 15:30:00,,,
2022-08-12 00:00:00,,,
2022-08-12 00:30:00,,,
2022-08-12 01:00:00,,,
2022-08-12 01:30:00,,,
2022-08-12 02:00:00,,,
2022-08-12 02:30:00,,,
2022-08-12 03:00:00,,,
2022-08-12 03:30:00,,,
2022-08-12 04:00:00,,,
2022-08-12 04:30:00,,,
2022-08-12 05:00:00,,,
2022-08-12 05:30:00,,,
2022-08-12 06:00:00,,,
2022-08-12 06:30:00,,,
2022-08-12 07:00:00,,,
2022-08-12 07:30:00,,,
2022-08-12 08:00:00,,,
2022-08-12 08:30:00,,,
2022-08-12 09:00:00,,,
2022-08-12 09:30:00,,,
2022-08-12 10:00:00,,,
2022-08-12 10:30:00,,,
2022-08-12 11:00:00,,,
2022-08-12 11:30:00,,,
2022-08-12 12:00:00,,,
2022-08-12 12:30:00,,,
2022-08-12 13:00:00,,,
2022-08-12 13:30:00,,,
2022-08-12 14:00:00,,,
2022-08-12 14:30:00,,,
2022-08-12 15:00:00,,,
2022-08-12 15:30:00,,,
2022-08-13 00:00:00,,,
2022-08-13 00:30:00,,,
2022-08-13 01:00:00,,,
2022-08-13 01:30:00,,,
2022-08-13 02:00:00,,,
2022-08-13 02:30:00,,,
2022-08-13 03:00:00,,,
2022-08-13 03:30:00,,,
2022-08-13 04:00:00,,,
2022-08-13 04:30:00,,,
2022-08-13 05:00:00,,,
2022-08-13 05:30:00,,,
2022-08-13 06:00:00,,,
2022-08-13 06:30:00,,,
2022-08-13 07:00:00,,,
2022-08-13 07:30:00,,,
2022-08-13 08:00:00,,,
2022-08-13 08:30:00,,,
2022-08-13 09:00:00,,,
2022-08-13 09:30:00,,,
2022-08-13 10:00:00,,,
2022-08-13 10:30:00,,,
2022-08-13 11:00:00,,,
2022-08-13 11:30:00,,,
2022-08-13 12:00:00,,,
2022-08-13 12:30:00,,,
2022-08-13 13:00:00,,,
2022-08-13 13:30:00,,,
2022-08-13 14:00:00,,,
2022-08-13 14:30:00,,,
2022-08-13 15:00:00,,,
2022-08-13 15:30:00,,,
2022-08-14 00:00:00,,,
2022-08-14 00:30:00,,,
2022-08-14 01:00:00,,,
2022-08-14 01:30:00,,,
2022-08-14 02:00:00,,,
2022-08-14 02:30:00,,,
2022-08-14 03:00:00,,,
2022-08-14 03:30:00,,,
2022-08-14 04:00:00,,,
2022-08-14 04:30:00,,,
2022-08-14 05:00:00,,,
2022-08-14 05:30:00,,,
2022-08-14 06:00:00,,,
2022-08-14 06:30:00,,,
2022-08-14 07:00:00,,,
2022-08-14 07:30:00,,,
2022-08-14 08:00:00,,,
2022-08-14 08:30:00,,,
2022-08-14 09:00:00,,,
2022-08-14 09:30:00,,,
2022-08-14 10:00:00,,,
2022-08-14 10:30:00,,,
2022-08-14 11:00:00,,,
2022-08-14 11:30:00,,,
2022-08-14 12:00:00,,,
2022-08-14 12:30:00,,,
2022-08-14 13:00:00,,,
2022-08-14 13:30:00,,,
2022-08-14 14:00:00,,,
2022-08-14 14:30:00,,,
2022-08-14 15:00:00,,,
2022-08-14 15:30:00,,,
2022-08-15 00:00:00,,,
2022-08-15 00:30:00,,,
2022-08-15 01:00:00,,,
2022-08-15 01:30:00,,,
2022-08-15 02:00:00,,,
2022-08-15 02:30:00,,,
2022-08-15 03:00:00,,,
2022-08-15 03:30:00,,,
2022-08-15 04:00:00,,,
2022-08-15 04:30:00,,,
2022-08-15 05:00:00,,,
2022-08-15 05:30:00,,,
2022-08-15 06:00:00,,,
2022-08-15 06:30:00,,,
2022-08-15 07:00:00,,,
2022-08-15 07:30:00,,,
2022-08-15 08:00:00,,,
2022-08-15 08:30:00,,,
2022-08-15 09:00:00,,,
2022-08-15 09:30:00,,,
2022-08-15 10:00:00,,,
2022-08-15 10:30:00,,,
2022-08-15 11:00:00,,,
2022-08-15 11:30:00,,,
2022-08-15 12:00:00,,,
2022-08-15 12:30:00,,,
2022-08-15 13:00:00,,,
2022-08-15 13:30:00,,,
2022-08-15 14:00:00,,,
2022-08-15 14:30:00,,,
2022-08-15 15:00:00,,,
2022-08-15 15:30:00,,,
2022-08-16 00:00:00,,,
2022-08-16 00:30:00,,,
2022-08-16 01:00:00,,,
2022-08-16 01:30:00,,,
2022-08-16 02:00:00,,,
2022-08-16 02:30:00,,,
2022-08-16 03:00:00,,,
2022-08-16 03:30:00,,,
2022-08-16 04:00:00,,,
2022-08-16 04:30:00,,,
2022-08-16 05:00:00,,,
2022-08-16 05:30:00,,,
2022-08-16 06:00:00,,,
2022-08-16 06:30:00,,,
2022-08-16 07:00:00,,,
2022-08-16 07:30:00,,,
2022-08-16 08:00:00,,,
2022-08-16 08:30:00,,,
2022-08-16 09:00:00,,,
2022-08-16 09:30:00,,,
2022-08-16 10:00:00,,,
2022-08-16 10:30:00,,,
2022-08-16 11:00:00,,,
2022-08-16 11:30:00,,,
2022-08-16 12:00:00,,,
2022-08-16 12:30:00,,,
2022-08-16 13:00:00,,,
2022-08-16 13:30:00,,,
2022-08-16 14:00:00,,,
2022-08-16 14:30:00,,,
2022-08-16 15:00:00,,,
2022-08-16 15:30:00,,,
2022-08-17 00:00:00,,,
2022-08-17 00:30:00,,,
2022-08-17 01:00:00,,,
2022-08-17 01:30:00,,,
2022-08-17 02:00:00,,,
2022-08-17 02:30:00,,,
2022-08-17 03:00:00,,,
2022-08-17 03:30:00,,,
2022-08-17 04:00:00,,,
2022-08-17 04:30:00,,,
2022-08-17 05:00:00,,,
2022-08-17 05:30:00,,,
2022-08-17 06:00:00,,,
2022-08-17 06:30:00,,,
2022-08-17 07:00:00,,,
2022-08-17 07:30:00,,,
2022-08-17 08:00:00,,,
2022-08-17 08:30:00,,,
2022-08-17 09:00:00,,,
2022-08-17 09:30:00,,,
2022-08-17 10:00:00,,,
2022-08-17 10:30:00,,,
2022-08-17 11:00:00,,,
2022-08-17 11:30:00,,,
2022-08-17 12:00:00,,,
2022-08-17 12:30:00,,,
2022-08-17 13:00:00,,,
2022-08-17 13:30:00,,,
2022-08-17 14:00:00,,,
2022-08-17 14:30:00,,,
2022-08-17 15:00:00,,,
2022-08-17 15:30:00,,,
2022-08-18 00:00:00,,,
2022-08-18 00:30:00,,,
2022-08-18 01:00:00,,,
2022-08-18 01:30:00,,,
2022-08-18 02:00:00,,,
2022-08-18 02:30:00,,,
2022-08-18 03:00:00,,,
2022-08-18 03:30:00,,,
2022-08-18 04:00:00,,,
2022-08-18 04:30:00,,,
2022-08-18 05:00:00,,,
2022-08-18 05:30:00,,,
2022-08-18 06:00:00,,,
2022-08-18 06:30:00,,,
2022-08-18 07:00:00,,,
2022-08-18 07:30:00,,,
2022-08-18 08:00:00,,,
2022-08-18 08:30:00,,,
2022-08-18 09:00:00,,,
2022-08-18 09:30:00,,,
2022-08-18 10:00:00,,,
2022-08-18 10:30:00,,,
2022-08-18 11:00:00,,,
2022-08-18 11:30:00,,,
2022-08-18 12:00:00,,,
2022-08-18 12:30:00,,,
2022-08-18 13:00:00,,,
2022-08-18 13:30:00,,,
2022-08-18 14:00:00,,,
2022-08-18 14:30:00,,,
2022-08-18 15:00:00,,,
2022-08-18 15:30:00,,,
2022-08-19 00:00:00,,,
2022-08-19 00:30:00,,,
2022-08-19 01:00:00,0.0,0.0,0.0
2022-08-19 01:30:00,1.0,0.0,0.0
2022-08-19 02:00:00,0.0,0.0,0.0
2022-08-19 02:30:00,0.0,0.0,0.0
2022-08-19 03:00:00,0.0,0.0,0.0
2022-08-19 03:30:00,1521.0,0.0,333.0
2022-08-19 04:00:00,154.0,110.0,4.0
2022-08-19 04:30:00,89.0,3.0,3.0
2022-08-19 05:00:00,56.0,0.0,2.0
2022-08-19 05:30:00,91.0,12.0,9.0
2022-08-19 06:00:00,9.0,0.0,0.0
2022-08-19 06:30:00,14.0,0.0,0.0
2022-08-19 07:00:00,435.0,4.0,22.0
2022-08-19 07:30:00,172.0,1.0,167.0
2022-08-19 08:00:00,142.0,0.0,103.0
2022-08-19 08:30:00,1538.0,5.0,77.0
2022-08-19 09:00:00,6013.0,1466.0,1209.0
2022-08-19 09:30:00,4132.0,481.0,790.0
2022-08-19 10:00:00,3650.0,391.0,920.0
2022-08-19 10:30:00,66.0,0.0,0.0
2022-08-19 11:00:00,170.0,135.0,122.0
2022-08-19 11:30:00,106.0,1.0,1.0
2022-08-19 12:00:00,1040.0,9.0,260.0
2022-08-19 12:30:00,59.0,18.0,15.0
2022-08-19 13:00:00,0.0,0.0,0.0
2022-08-19 13:30:00,0.0,0.0,0.0
2022-08-19 14:00:00,0.0,0.0,0.0
2022-08-19 14:30:00,0.0,0.0,0.0
2022-08-19 15:00:00,1.0,0.0,0.0
2022-08-19 15:30:00,0.0,0.0,0.0
2022-08-20 00:00:00,0.0,0.0,0.0
2022-08-20 00:30:00,0.0,0.0,0.0
2022-08-20 01:00:00,0.0,0.0,0.0
2022-08-20 01:30:00,0.0,0.0,0.0
2022-08-20 02:00:00,1.0,0.0,0.0
2022-08-20 02:30:00,0.0,0.0,0.0
2022-08-20 03:00:00,0.0,0.0,0.0
2022-08-20 03:30:00,1837.0,0.0,156.0
2022-08-20 04:00:00,691.0,128.0,138.0
2022-08-20 04:30:00,212.0,0.0,0.0
2022-08-20 05:00:00,1710.0,384.0,469.0
2022-08-20 05:30:00,1886.0,368.0,105.0
2022-08-20 06:00:00,1365.0,811.0,133.0
2022-08-20 06:30:00,1988.0,6.0,132.0
2022-08-20 07:00:00,4015.0,455.0,948.0
2022-08-20 07:30:00,5768.0,365.0,902.0
2022-08-20 08:00:00,6146.0,1234.0,1140.0
2022-08-20 08:30:00,7961.0,651.0,1185.0
2022-08-20 09:00:00,7853.0,1273.0,1313.0
2022-08-20 09:30:00,2574.0,685.0,738.0
2022-08-20 10:00:00,6855.0,476.0,809.0
2022-08-20 10:30:00,5231.0,1736.0,883.0
2022-08-20 11:00:00,2661.0,40.0,581.0
2022-08-20 11:30:00,810.0,140.0,274.0
2022-08-20 12:00:00,390.0,24.0,16.0
2022-08-20 12:30:00,27.0,3.0,0.0
2022-08-20 13:00:00,0.0,0.0,0.0
2022-08-20 13:30:00,0.0,0.0,0.0
2022-08-20 14:00:00,3.0,2.0,1.0
2022-08-20 14:30:00,0.0,0.0,0.0
2022-08-20 15:00:00,2.0,0.0,0.0
2022-08-20 15:30:00,0.0,0.0,0.0
2022-08-21 00:00:00,0.0,0.0,0.0
2022-08-21 00:30:00,0.0,0.0,0.0
2022-08-21 01:00:00,0.0,0.0,0.0
2022-08-21 01:30:00,0.0,0.0,0.0
2022-08-21 02:00:00,0.0,0.0,0.0
2022-08-21 02:30:00,0.0,0.0,0.0
2022-08-21 03:00:00,0.0,0.0,0.0
2022-08-21 03:30:00,2699.0,0.0,491.0
2022-08-21 04:00:00,256.0,127.0,28.0
2022-08-21 04:30:00,42.0,0.0,9.0
2022-08-21 05:00:00,41.0,10.0,0.0
2022-08-21 05:30:00,44.0,41.0,2.0
2022-08-21 06:00:00,39.0,26.0,0.0
2022-08-21 06:30:00,490.0,31.0,83.0
2022-08-21 07:00:00,289.0,18.0,36.0
2022-08-21 07:30:00,1958.0,494.0,67.0
2022-08-21 08:00:00,4946.0,510.0,726.0
2022-08-21 08:30:00,3450.0,790.0,668.0
2022-08-21 09:00:00,8216.0,1707.0,1440.0
2022-08-21 09:30:00,7149.0,1542.0,1182.0
2022-08-21 10:00:00,7292.0,1518.0,1201.0
2022-08-21 10:30:00,808.0,462.0,195.0
2022-08-21 11:00:00,218.0,0.0,53.0
2022-08-21 11:30:00,170.0,67.0,19.0
2022-08-21 12:00:00,30.0,11.0,4.0
2022-08-21 12:30:00,42.0,42.0,0.0
2022-08-21 13:00:00,0.0,0.0,0.0
2022-08-21 13:30:00,1.0,0.0,0.0
2022-08-21 14:00:00,2.0,0.0,0.0
2022-08-21 14:30:00,1.0,0.0,0.0
2022-08-21 15:00:00,0.0,0.0,0.0
2022-08-21 15:30:00,0.0,0.0,0.0
2022-08-22 00:00:00,2.0,0.0,0.0
2022-08-22 00:30:00,0.0,0.0,0.0
2022-08-22 01:00:00,2.0,0.0,0.0
2022-08-22 01:30:00,1.0,0.0,0.0
2022-08-22 02:00:00,0.0,0.0,0.0
2022-08-22 02:30:00,0.0,0.0,0.0
2022-08-22 03:00:00,1.0,0.0,0.0
2022-08-22 03:30:00,2504.0,101.0,481.0
2022-08-22 04:00:00,124.0,100.0,4.0
2022-08-22 04:30:00,16.0,8.0,2.0
2022-08-22 05:00:00,67.0,52.0,2.0
2022-08-22 05:30:00,112.0,0.0,1.0
2022-08-22 06:00:00,98.0,27.0,0.0
2022-08-22 06:30:00,156.0,29.0,8.0
2022-08-22 07:00:00,663.0,23.0,1.0
2022-08-22 07:30:00,37.0,11.0,6.0
2022-08-22 08:00:00,20.0,0.0,0.0
2022-08-22 08:30:00,325.0,57.0,0.0
2022-08-22 09:00:00,27.0,0.0,26.0
2022-08-22 09:30:00,1005.0,10.0,37.0
2022-08-22 10:00:00,309.0,297.0,68.0
2022-08-22 10:30:00,73.0,9.0,7.0
2022-08-22 11:00:00,24.0,21.0,20.0
2022-08-22 11:30:00,24.0,0.0,0.0
2022-08-22 12:00:00,78.0,2.0,25.0
2022-08-22 12:30:00,70.0,39.0,5.0
2022-08-22 13:00:00,1.0,1.0,0.0
2022-08-22 13:30:00,0.0,0.0,0.0
2022-08-22 14:00:00,0.0,0.0,0.0
2022-08-22 14:30:00,0.0,0.0,0.0
2022-08-22 15:00:00,1.0,0.0,1.0
2022-08-22 15:30:00,0.0,0.0,0.0
2022-08-23 00:00:00,0.0,0.0,0.0
2022-08-23 00:30:00,0.0,0.0,0.0
2022-08-23 01:00:00,0.0,0.0,0.0
2022-08-23 01:30:00,0.0,0.0,0.0
2022-08-23 02:00:00,0.0,0.0,0.0
2022-08-23 02:30:00,0.0,0.0,0.0
2022-08-23 03:00:00,0.0,0.0,0.0
2022-08-23 03:30:00,2302.0,5.0,419.0
2022-08-23 04:00:00,106.0,94.0,60.0
2022-08-23 04:30:00,0.0,0.0,0.0
2022-08-23 05:00:00,0.0,0.0,0.0
2022-08-23 05:30:00,163.0,0.0,6.0
2022-08-23 06:00:00,51.0,0.0,0.0
2022-08-23 06:30:00,41.0,6.0,6.0
2022-08-23 07:00:00,92.0,52.0,8.0
2022-08-23 07:30:00,21.0,0.0,0.0
2022-08-23 08:00:00,51.0,0.0,0.0
2022-08-23 08:30:00,58.0,0.0,0.0
2022-08-23 09:00:00,49.0,0.0,0.0
2022-08-23 09:30:00,194.0,54.0,18.0
2022-08-23 10:00:00,116.0,9.0,30.0
2022-08-23 10:30:00,15.0,0.0,0.0
2022-08-23 11:00:00,0.0,0.0,0.0
2022-08-23 11:30:00,98.0,17.0,17.0
2022-08-23 12:00:00,514.0,41.0,0.0
2022-08-23 12:30:00,71.0,0.0,18.0
2022-08-23 13:00:00,0.0,0.0,0.0
2022-08-23 13:30:00,0.0,0.0,0.0
2022-08-23 14:00:00,0.0,0.0,0.0
2022-08-23 14:30:00,0.0,0.0,0.0
2022-08-23 15:00:00,0.0,0.0,0.0
2022-08-23 15:30:00,0.0,0.0,0.0
2022-08-24 00:00:00,0.0,0.0,0.0
2022-08-24 00:30:00,0.0,0.0,0.0
2022-08-24 01:00:00,0.0,0.0,0.0
2022-08-24 01:30:00,0.0,0.0,0.0
2022-08-24 02:00:00,0.0,0.0,0.0
2022-08-24 02:30:00,0.0,0.0,0.0
2022-08-24 03:00:00,0.0,0.0,0.0
2022-08-24 03:30:00,2518.0,9.0,469.0
2022-08-24 04:00:00,60.0,34.0,0.0
2022-08-24 04:30:00,50.0,0.0,0.0
2022-08-24 05:00:00,16.0,3.0,10.0
2022-08-24 05:30:00,91.0,14.0,25.0
2022-08-24 06:00:00,40.0,0.0,0.0
2022-08-24 06:30:00,0.0,0.0,0.0
2022-08-24 07:00:00,0.0,0.0,0.0
2022-08-24 07:30:00,51.0,25.0,32.0
2022-08-24 08:00:00,0.0,0.0,0.0
2022-08-24 08:30:00,62.0,0.0,19.0
2022-08-24 09:00:00,224.0,10.0,9.0
2022-08-24 09:30:00,24.0,0.0,0.0
2022-08-24 10:00:00,0.0,0.0,0.0
2022-08-24 10:30:00,37.0,0.0,1.0
2022-08-24 11:00:00,0.0,0.0,0.0
2022-08-24 11:30:00,53.0,15.0,15.0
2022-08-24 12:00:00,41.0,2.0,14.0
2022-08-24 12:30:00,50.0,17.0,0.0
2022-08-24 13:00:00,0.0,0.0,0.0
2022-08-24 13:30:00,0.0,0.0,0.0
2022-08-24 14:00:00,0.0,0.0,0.0
2022-08-24 14:30:00,0.0,0.0,0.0
2022-08-24 15:00:00,0.0,0.0,0.0
2022-08-24 15:30:00,0.0,0.0,0.0
2022-08-25 00:00:00,0.0,0.0,0.0
2022-08-25 00:30:00,0.0,0.0,0.0
2022-08-25 01:00:00,0.0,0.0,0.0
2022-08-25 01:30:00,0.0,0.0,0.0
2022-08-25 02:00:00,0.0,0.0,0.0
2022-08-25 02:30:00,0.0,0.0,0.0
2022-08-25 03:00:00,0.0,0.0,0.0
2022-08-25 03:30:00,2285.0,62.0,353.0
2022-08-25 04:00:00,27.0,25.0,0.0
2022-08-25 04:30:00,2.0,0.0,0.0
2022-08-25 05:00:00,2.0,2.0,0.0
2022-08-25 05:30:00,0.0,0.0,0.0
2022-08-25 06:00:00,1.0,0.0,0.0
2022-08-25 06:30:00,49.0,22.0,0.0
2022-08-25 07:00:00,11.0,1.0,0.0
2022-08-25 07:30:00,1.0,0.0,1.0
2022-08-25 08:00:00,2.0,0.0,0.0
2022-08-25 08:30:00,161.0,40.0,23.0
2022-08-25 09:00:00,11.0,0.0,2.0
2022-08-25 09:30:00,39.0,13.0,2.0
2022-08-25 10:00:00,46.0,0.0,9.0
2022-08-25 10:30:00,93.0,75.0,0.0
2022-08-25 11:00:00,37.0,0.0,2.0
2022-08-25 11:30:00,69.0,31.0,24.0
2022-08-25 12:00:00,3.0,0.0,0.0
2022-08-25 12:30:00,5.0,0.0,4.0
2022-08-25 13:00:00,0.0,0.0,0.0
2022-08-25 13:30:00,0.0,0.0,0.0
2022-08-25 14:00:00,0.0,0.0,0.0
2022-08-25 14:30:00,0.0,0.0,0.0
2022-08-25 15:00:00,0.0,0.0,0.0
2022-08-25 15:30:00,0.0,0.0,0.0
2022-08-26 00:00:00,0.0,0.0,0.0
2022-08-26 00:30:00,,,
2022-08-26 01:00:00,0.0,0.0,0.0
2022-08-26 01:30:00,0.0,0.0,0.0
2022-08-26 02:00:00,0.0,0.0,0.0
2022-08-26 02:30:00,0.0,0.0,0.0
2022-08-26 03:00:00,0.0,0.0,0.0
2022-08-26 03:30:00,1900.0,6.0,351.0
2022-08-26 04:00:00,56.0,56.0,26.0
2022-08-26 04:30:00,209.0,0.0,22.0
2022-08-26 05:00:00,15.0,0.0,14.0
2022-08-26 05:30:00,1.0,0.0,0.0
2022-08-26 06:00:00,181.0,47.0,36.0
2022-08-26 06:30:00,159.0,78.0,11.0
2022-08-26 07:00:00,362.0,95.0,59.0
2022-08-26 07:30:00,84.0,2.0,2.0
2022-08-26 08:00:00,1359.0,11.0,210.0
2022-08-26 08:30:00,8837.0,164.0,1587.0
2022-08-26 09:00:00,10272.0,917.0,1647.0
2022-08-26 09:30:00,11095.0,1711.0,1902.0
2022-08-26 10:00:00,8494.0,1422.0,1050.0
2022-08-26 10:30:00,12714.0,1995.0,2241.0
2022-08-26 11:00:00,9315.0,1979.0,1595.0
2022-08-26 11:30:00,6069.0,1604.0,1026.0
2022-08-26 12:00:00,2578.0,586.0,565.0
2022-08-26 12:30:00,465.0,260.0,134.0
2022-08-26 13:00:00,2.0,0.0,0.0
2022-08-26 13:30:00,0.0,0.0,0.0
2022-08-26 14:00:00,0.0,0.0,0.0
2022-08-26 14:30:00,0.0,0.0,0.0
2022-08-26 15:00:00,0.0,0.0,0.0
2022-08-26 15:30:00,0.0,0.0,0.0
2022-08-27 00:00:00,0.0,0.0,0.0
2022-08-27 00:30:00,0.0,0.0,0.0
2022-08-27 01:00:00,0.0,0.0,0.0
2022-08-27 01:30:00,0.0,0.0,0.0
2022-08-27 02:00:00,0.0,0.0,0.0
2022-08-27 02:30:00,0.0,0.0,0.0
2022-08-27 03:00:00,9.0,0.0,0.0
2022-08-27 03:30:00,2730.0,166.0,433.0
2022-08-27 04:00:00,2443.0,59.0,290.0
2022-08-27 04:30:00,8111.0,1456.0,1280.0
2022-08-27 05:00:00,6684.0,1426.0,1258.0
2022-08-27 05:30:00,5114.0,940.0,740.0
2022-08-27 06:00:00,3230.0,777.0,670.0
2022-08-27 06:30:00,773.0,91.0,70.0
2022-08-27 07:00:00,463.0,70.0,18.0
2022-08-27 07:30:00,4208.0,188.0,552.0
2022-08-27 08:00:00,8243.0,1333.0,1448.0
2022-08-27 08:30:00,5821.0,1351.0,619.0
2022-08-27 09:00:00,4089.0,1276.0,823.0
2022-08-27 09:30:00,3979.0,274.0,754.0
2022-08-27 10:00:00,7877.0,1266.0,1489.0
2022-08-27 10:30:00,6873.0,1954.0,1537.0
2022-08-27 11:00:00,5686.0,619.0,773.0
2022-08-27 11:30:00,1470.0,378.0,197.0
2022-08-27 12:00:00,22.0,2.0,1.0
2022-08-27 12:30:00,72.0,1.0,38.0
2022-08-27 13:00:00,0.0,0.0,0.0
2022-08-27 13:30:00,0.0,0.0,0.0
2022-08-27 14:00:00,0.0,0.0,0.0
2022-08-27 14:30:00,0.0,0.0,0.0
2022-08-27 15:00:00,0.0,0.0,0.0
2022-08-27 15:30:00,0.0,0.0,0.0
2022-08-28 00:00:00,0.0,0.0,0.0
2022-08-28 00:30:00,0.0,0.0,0.0
2022-08-28 01:00:00,0.0,0.0,0.0
2022-08-28 01:30:00,0.0,0.0,0.0
2022-08-28 02:00:00,0.0,0.0,0.0
2022-08-28 02:30:00,0.0,0.0,0.0
2022-08-28 03:00:00,150.0,0.0,9.0
2022-08-28 03:30:00,1235.0,371.0,356.0
2022-08-28 04:00:00,32.0,31.0,31.0
2022-08-28 04:30:00,4.0,0.0,4.0
2022-08-28 05:00:00,29.0,0.0,0.0
2022-08-28 05:30:00,162.0,0.0,0.0
2022-08-28 06:00:00,6.0,0.0,0.0
2022-08-28 06:30:00,128.0,0.0,11.0
2022-08-28 07:00:00,46.0,19.0,3.0
2022-08-28 07:30:00,6.0,0.0,1.0
2022-08-28 08:00:00,43.0,0.0,0.0
2022-08-28 08:30:00,28.0,0.0,4.0
2022-08-28 09:00:00,655.0,8.0,13.0
2022-08-28 09:30:00,184.0,48.0,18.0
2022-08-28 10:00:00,73.0,0.0,18.0
2022-08-28 10:30:00,81.0,4.0,38.0
2022-08-28 11:00:00,45.0,0.0,32.0
2022-08-28 11:30:00,32.0,8.0,0.0
2022-08-28 12:00:00,1.0,0.0,0.0
2022-08-28 12:30:00,0.0,0.0,0.0
2022-08-28 13:00:00,0.0,0.0,0.0
2022-08-28 13:30:00,0.0,0.0,0.0
2022-08-28 14:00:00,0.0,0.0,0.0
2022-08-28 14:30:00,0.0,0.0,0.0
2022-08-28 15:00:00,0.0,0.0,0.0
2022-08-28 15:30:00,0.0,0.0,0.0
2022-08-29 00:00:00,0.0,0.0,0.0
2022-08-29 00:30:00,0.0,0.0,0.0
2022-08-29 01:00:00,0.0,0.0,0.0
2022-08-29 01:30:00,1.0,0.0,0.0
2022-08-29 02:00:00,0.0,0.0,0.0
2022-08-29 02:30:00,0.0,0.0,0.0
2022-08-29 03:00:00,47.0,0.0,0.0
2022-08-29 03:30:00,1602.0,336.0,304.0
2022-08-29 04:00:00,46.0,46.0,0.0
2022-08-29 04:30:00,31.0,5.0,1.0
2022-08-29 05:00:00,24.0,0.0,0.0
2022-08-29 05:30:00,50.0,0.0,21.0
2022-08-29 06:00:00,28.0,0.0,0.0
2022-08-29 06:30:00,64.0,0.0,16.0
2022-08-29 07:00:00,141.0,0.0,0.0
2022-08-29 07:30:00,174.0,0.0,60.0
2022-08-29 08:00:00,20.0,0.0,5.0
2022-08-29 08:30:00,38.0,0.0,0.0
2022-08-29 09:00:00,17.0,17.0,17.0
2022-08-29 09:30:00,103.0,8.0,95.0
2022-08-29 10:00:00,34.0,7.0,0.0
2022-08-29 10:30:00,31.0,0.0,0.0
2022-08-29 11:00:00,0.0,0.0,0.0
2022-08-29 11:30:00,18.0,0.0,0.0
2022-08-29 12:00:00,19.0,0.0,0.0
2022-08-29 12:30:00,1.0,0.0,0.0
2022-08-29 13:00:00,0.0,0.0,0.0
2022-08-29 13:30:00,0.0,0.0,0.0
2022-08-29 14:00:00,0.0,0.0,0.0
2022-08-29 14:30:00,0.0,0.0,0.0
2022-08-29 15:00:00,0.0,0.0,0.0
2022-08-29 15:30:00,0.0,0.0,0.0
2022-08-30 00:00:00,0.0,0.0,0.0
2022-08-30 00:30:00,0.0,0.0,0.0
2022-08-30 01:00:00,0.0,0.0,0.0
2022-08-30 01:30:00,0.0,0.0,0.0
2022-08-30 02:00:00,0.0,0.0,0.0
2022-08-30 02:30:00,0.0,0.0,0.0
2022-08-30 03:00:00,402.0,0.0,14.0
2022-08-30 03:30:00,1984.0,973.0,264.0
2022-08-30 04:00:00,0.0,0.0,0.0
2022-08-30 04:30:00,10.0,0.0,0.0
2022-08-30 05:00:00,18.0,0.0,0.0
2022-08-30 05:30:00,12.0,0.0,0.0
2022-08-30 06:00:00,46.0,33.0,0.0
2022-08-30 06:30:00,10.0,0.0,0.0
2022-08-30 07:00:00,0.0,0.0,0.0
2022-08-30 07:30:00,54.0,0.0,0.0
2022-08-30 08:00:00,636.0,553.0,35.0
2022-08-30 08:30:00,4.0,0.0,2.0
2022-08-30 09:00:00,67.0,23.0,29.0
2022-08-30 09:30:00,64.0,0.0,34.0
2022-08-30 10:00:00,122.0,6.0,0.0
2022-08-30 10:30:00,0.0,0.0,0.0
2022-08-30 11:00:00,17.0,0.0,0.0
2022-08-30 11:30:00,4.0,0.0,0.0
2022-08-30 12:00:00,12.0,0.0,0.0
2022-08-30 12:30:00,6.0,0.0,0.0
2022-08-30 13:00:00,0.0,0.0,0.0
2022-08-30 13:30:00,0.0,0.0,0.0
2022-08-30 14:00:00,0.0,0.0,0.0
2022-08-30 14:30:00,0.0,0.0,0.0
2022-08-30 15:00:00,0.0,0.0,0.0
2022-08-30 15:30:00,0.0,0.0,0.0
2022-08-31 00:00:00,0.0,0.0,0.0
2022-08-31 00:30:00,0.0,0.0,0.0
2022-08-31 01:00:00,0.0,0.0,0.0
2022-08-31 01:30:00,0.0,0.0,0.0
2022-08-31 02:00:00,0.0,0.0,0.0
2022-08-31 02:30:00,0.0,0.0,0.0
2022-08-31 03:00:00,666.0,0.0,17.0
2022-08-31 03:30:00,1269.0,572.0,365.0
2022-08-31 04:00:00,1.0,1.0,0.0
2022-08-31 04:30:00,4.0,4.0,0.0
2022-08-31 05:00:00,2.0,1.0,0.0
2022-08-31 05:30:00,27.0,1.0,0.0
2022-08-31 06:00:00,32.0,0.0,22.0
2022-08-31 06:30:00,128.0,49.0,30.0
2022-08-31 07:00:00,52.0,0.0,9.0
2022-08-31 07:30:00,65.0,1.0,45.0
2022-08-31 08:00:00,2.0,0.0,0.0
2022-08-31 08:30:00,13.0,0.0,0.0
2022-08-31 09:00:00,327.0,13.0,79.0
2022-08-31 09:30:00,82.0,1.0,3.0
2022-08-31 10:00:00,66.0,0.0,0.0
2022-08-31 10:30:00,8.0,0.0,0.0
2022-08-31 11:00:00,45.0,22.0,0.0
2022-08-31 11:30:00,12.0,3.0,0.0
2022-08-31 12:00:00,3.0,0.0,0.0
2022-08-31 12:30:00,88.0,0.0,0.0
2022-08-31 13:00:00,0.0,0.0,0.0
2022-08-31 13:30:00,0.0,0.0,0.0
2022-08-31 14:00:00,0.0,0.0,0.0
2022-08-31 14:30:00,0.0,0.0,0.0
2022-08-31 15:00:00,0.0,0.0,0.0
2022-08-31 15:30:00,0.0,0.0,0.0
2022-09-01 00:00:00,0.0,0.0,0.0
2022-09-01 00:30:00,0.0,0.0,0.0
2022-09-01 01:00:00,1.0,0.0,0.0
2022-09-01 01:30:00,0.0,0.0,0.0
2022-09-01 02:00:00,0.0,0.0,0.0
2022-09-01 02:30:00,0.0,0.0,0.0
2022-09-01 03:00:00,1033.0,0.0,186.0
2022-09-01 03:30:00,5810.0,740.0,984.0
2022-09-01 04:00:00,3857.0,249.0,333.0
2022-09-01 04:30:00,2049.0,1301.0,745.0
2022-09-01 05:00:00,2754.0,49.0,351.0
2022-09-01 05:30:00,1015.0,170.0,69.0
2022-09-01 06:00:00,669.0,4.0,19.0
2022-09-01 06:30:00,510.0,34.0,30.0
2022-09-01 07:00:00,220.0,1.0,43.0
2022-09-01 07:30:00,91.0,3.0,4.0
2022-09-01 08:00:00,264.0,78.0,20.0
2022-09-01 08:30:00,271.0,145.0,1.0
2022-09-01 09:00:00,1693.0,102.0,286.0
2022-09-01 09:30:00,4658.0,395.0,666.0
2022-09-01 10:00:00,2380.0,788.0,474.0
2022-09-01 10:30:00,385.0,91.0,77.0
2022-09-01 11:00:00,691.0,353.0,157.0
2022-09-01 11:30:00,295.0,64.0,24.0
2022-09-01 12:00:00,166.0,85.0,1.0
2022-09-01 12:30:00,294.0,262.0,65.0
2022-09-01 13:00:00,0.0,0.0,0.0
2022-09-01 13:30:00,0.0,0.0,0.0
2022-09-01 14:00:00,0.0,0.0,0.0
2022-09-01 14:30:00,0.0,0.0,0.0
2022-09-01 15:00:00,0.0,0.0,0.0
2022-09-01 15:30:00,0.0,0.0,0.0
2022-09-02 00:00:00,,,
2022-09-02 00:30:00,0.0,0.0,0.0
2022-09-02 01:00:00,0.0,0.0,0.0
2022-09-02 01:30:00,0.0,0.0,0.0
2022-09-02 02:00:00,0.0,0.0,0.0
2022-09-02 02:30:00,0.0,0.0,0.0
2022-09-02 03:00:00,146.0,0.0,16.0
2022-09-02 03:30:00,1626.0,1181.0,268.0
2022-09-02 04:00:00,21.0,0.0,21.0
2022-09-02 04:30:00,16.0,0.0,1.0
2022-09-02 05:00:00,29.0,29.0,0.0
2022-09-02 05:30:00,87.0,19.0,0.0
2022-09-02 06:00:00,13.0,0.0,0.0
2022-09-02 06:30:00,69.0,0.0,33.0
2022-09-02 07:00:00,17.0,0.0,14.0
2022-09-02 07:30:00,190.0,47.0,100.0
2022-09-02 08:00:00,1.0,1.0,0.0
2022-09-02 08:30:00,103.0,22.0,0.0
2022-09-02 09:00:00,344.0,171.0,19.0
2022-09-02 09:30:00,64.0,0.0,42.0
2022-09-02 10:00:00,80.0,21.0,28.0
2022-09-02 10:30:00,107.0,41.0,0.0
2022-09-02 11:00:00,78.0,1.0,0.0
2022-09-02 11:30:00,25.0,25.0,0.0
2022-09-02 12:00:00,23.0,0.0,0.0
2022-09-02 12:30:00,14.0,0.0,7.0
2022-09-02 13:00:00,0.0,0.0,0.0
2022-09-02 13:30:00,0.0,0.0,0.0
2022-09-02 14:00:00,0.0,0.0,0.0
2022-09-02 14:30:00,0.0,0.0,0.0
2022-09-02 15:00:00,0.0,0.0,0.0
2022-09-02 15:30:00,0.0,0.0,0.0
2022-09-03 00:00:00,0.0,0.0,0.0
2022-09-03 00:30:00,0.0,0.0,0.0
2022-09-03 01:00:00,1.0,1.0,0.0
2022-09-03 01:30:00,0.0,0.0,0.0
2022-09-03 02:00:00,0.0,0.0,0.0
2022-09-03 02:30:00,0.0,0.0,0.0
2022-09-03 03:00:00,931.0,0.0,1.0
2022-09-03 03:30:00,1495.0,331.0,207.0
2022-09-03 04:00:00,128.0,0.0,0.0
2022-09-03 04:30:00,203.0,77.0,12.0
2022-09-03 05:00:00,3891.0,691.0,714.0
2022-09-03 05:30:00,2697.0,799.0,594.0
2022-09-03 06:00:00,5168.0,19.0,882.0
2022-09-03 06:30:00,9798.0,1585.0,1723.0
2022-09-03 07:00:00,10212.0,1473.0,1684.0
2022-09-03 07:30:00,10064.0,2075.0,1733.0
2022-09-03 08:00:00,8698.0,1681.0,1373.0
2022-09-03 08:30:00,8481.0,1646.0,1543.0
2022-09-03 09:00:00,7119.0,1095.0,1134.0
2022-09-03 09:30:00,7878.0,1439.0,1246.0
2022-09-03 10:00:00,6375.0,1217.0,1084.0
2022-09-03 10:30:00,6908.0,1187.0,1215.0
2022-09-03 11:00:00,4381.0,1012.0,836.0
2022-09-03 11:30:00,2942.0,276.0,628.0
2022-09-03 12:00:00,429.0,226.0,141.0
2022-09-03 12:30:00,315.0,12.0,2.0
2022-09-03 13:00:00,95.0,21.0,20.0
2022-09-03 13:30:00,0.0,0.0,0.0
2022-09-03 14:00:00,0.0,0.0,0.0
2022-09-03 14:30:00,0.0,0.0,0.0
2022-09-03 15:00:00,0.0,0.0,0.0
2022-09-03 15:30:00,0.0,0.0,0.0
2022-09-04 00:00:00,0.0,0.0,0.0
2022-09-04 00:30:00,0.0,0.0,0.0
2022-09-04 01:00:00,0.0,0.0,0.0
2022-09-04 01:30:00,0.0,0.0,0.0
2022-09-04 02:00:00,0.0,0.0,0.0
2022-09-04 02:30:00,0.0,0.0,0.0
2022-09-04 03:00:00,719.0,0.0,71.0
2022-09-04 03:30:00,639.0,460.0,179.0
2022-09-04 04:00:00,,,
2022-09-04 04:30:00,,,
2022-09-04 05:00:00,,,
2022-09-04 05:30:00,,,
2022-09-04 06:00:00,,,
2022-09-04 06:30:00,,,
2022-09-04 07:00:00,,,
2022-09-04 07:30:00,,,
2022-09-04 08:00:00,,,
2022-09-04 08:30:00,,,
2022-09-04 09:00:00,,,
2022-09-04 09:30:00,,,
2022-09-04 10:00:00,,,
2022-09-04 10:30:00,,,
2022-09-04 11:00:00,,,
2022-09-04 11:30:00,,,
2022-09-04 12:00:00,,,
2022-09-04 12:30:00,,,
2022-09-04 13:00:00,,,
2022-09-04 13:30:00,,,
2022-09-04 14:00:00,,,
2022-09-04 14:30:00,,,
2022-09-04 15:00:00,,,
2022-09-04 15:30:00,,,
2022-09-05 00:00:00,,,
2022-09-05 00:30:00,,,
2022-09-05 01:00:00,,,
2022-09-05 01:30:00,,,
2022-09-05 02:00:00,,,
2022-09-05 02:30:00,,,
2022-09-05 03:00:00,,,
2022-09-05 03:30:00,,,
2022-09-05 04:00:00,,,
2022-09-05 04:30:00,,,
2022-09-05 05:00:00,,,
2022-09-05 05:30:00,,,
2022-09-05 06:00:00,,,
2022-09-05 06:30:00,,,
2022-09-05 07:00:00,,,
2022-09-05 07:30:00,,,
2022-09-05 08:00:00,,,
2022-09-05 08:30:00,,,
2022-09-05 09:00:00,,,
2022-09-05 09:30:00,,,
2022-09-05 10:00:00,,,
2022-09-05 10:30:00,,,
2022-09-05 11:00:00,,,
2022-09-05 11:30:00,,,
2022-09-05 12:00:00,,,
2022-09-05 12:30:00,,,
2022-09-05 13:00:00,,,
2022-09-05 13:30:00,,,
2022-09-05 14:00:00,,,
2022-09-05 14:30:00,,,
2022-09-05 15:00:00,,,
2022-09-05 15:30:00,,,
2022-09-06 00:00:00,,,
2022-09-06 00:30:00,,,
2022-09-06 01:00:00,,,
2022-09-06 01:30:00,,,
2022-09-06 02:00:00,,,
2022-09-06 02:30:00,,,
2022-09-06 03:00:00,,,
2022-09-06 03:30:00,,,
2022-09-06 04:00:00,,,
2022-09-06 04:30:00,,,
2022-09-06 05:00:00,,,
2022-09-06 05:30:00,,,
2022-09-06 06:00:00,,,
2022-09-06 06:30:00,,,
2022-09-06 07:00:00,,,
2022-09-06 07:30:00,,,
2022-09-06 08:00:00,,,
2022-09-06 08:30:00,,,
2022-09-06 09:00:00,,,
2022-09-06 09:30:00,,,
2022-09-06 10:00:00,,,
2022-09-06 10:30:00,,,
2022-09-06 11:00:00,,,
2022-09-06 11:30:00,,,
2022-09-06 12:00:00,,,
2022-09-06 12:30:00,,,
2022-09-06 13:00:00,,,
2022-09-06 13:30:00,,,
2022-09-06 14:00:00,,,
2022-09-06 14:30:00,,,
2022-09-06 15:00:00,,,
2022-09-06 15:30:00,,,
2022-09-07 00:00:00,,,
2022-09-07 00:30:00,,,
2022-09-07 01:00:00,,,
2022-09-07 01:30:00,,,
2022-09-07 02:00:00,,,
2022-09-07 02:30:00,,,
2022-09-07 03:00:00,,,
2022-09-07 03:30:00,,,
2022-09-07 04:00:00,,,
2022-09-07 04:30:00,,,
2022-09-07 05:00:00,,,
2022-09-07 05:30:00,,,
2022-09-07 06:00:00,,,
2022-09-07 06:30:00,,,
2022-09-07 07:00:00,,,
2022-09-07 07:30:00,,,
2022-09-07 08:00:00,,,
2022-09-07 08:30:00,,,
2022-09-07 09:00:00,,,
2022-09-07 09:30:00,,,
2022-09-07 10:00:00,,,
2022-09-07 10:30:00,,,
2022-09-07 11:00:00,,,
2022-09-07 11:30:00,,,
2022-09-07 12:00:00,,,
2022-09-07 12:30:00,,,
2022-09-07 13:00:00,,,
2022-09-07 13:30:00,,,
2022-09-07 14:00:00,,,
2022-09-07 14:30:00,,,
2022-09-07 15:00:00,,,
2022-09-07 15:30:00,,,
2022-09-08 00:00:00,,,
2022-09-08 00:30:00,,,
2022-09-08 01:00:00,,,
2022-09-08 01:30:00,,,
2022-09-08 02:00:00,,,
2022-09-08 02:30:00,,,
2022-09-08 03:00:00,,,
2022-09-08 03:30:00,,,
2022-09-08 04:00:00,,,
2022-09-08 04:30:00,,,
2022-09-08 05:00:00,,,
2022-09-08 05:30:00,,,
2022-09-08 06:00:00,,,
2022-09-08 06:30:00,,,
2022-09-08 07:00:00,,,
2022-09-08 07:30:00,,,
2022-09-08 08:00:00,,,
2022-09-08 08:30:00,,,
2022-09-08 09:00:00,,,
2022-09-08 09:30:00,,,
2022-09-08 10:00:00,,,
2022-09-08 10:30:00,,,
2022-09-08 11:00:00,,,
2022-09-08 11:30:00,,,
2022-09-08 12:00:00,,,
2022-09-08 12:30:00,,,
2022-09-08 13:00:00,,,
2022-09-08 13:30:00,,,
2022-09-08 14:00:00,,,
2022-09-08 14:30:00,,,
2022-09-08 15:00:00,,,
2022-09-08 15:30:00,,,
2022-09-09 00:00:00,,,
2022-09-09 00:30:00,2.0,1.0,2.0
2022-09-09 01:00:00,0.0,0.0,0.0
2022-09-09 01:30:00,0.0,0.0,0.0
2022-09-09 02:00:00,0.0,0.0,0.0
2022-09-09 02:30:00,0.0,0.0,0.0
2022-09-09 03:00:00,1494.0,0.0,159.0
2022-09-09 03:30:00,284.0,38.0,98.0
2022-09-09 04:00:00,0.0,0.0,0.0
2022-09-09 04:30:00,21.0,0.0,0.0
2022-09-09 05:00:00,10.0,0.0,9.0
2022-09-09 05:30:00,21.0,4.0,1.0
2022-09-09 06:00:00,97.0,0.0,6.0
2022-09-09 06:30:00,11.0,0.0,6.0
2022-09-09 07:00:00,2.0,0.0,0.0
2022-09-09 07:30:00,18.0,2.0,10.0
2022-09-09 08:00:00,11.0,0.0,0.0
2022-09-09 08:30:00,84.0,0.0,5.0
2022-09-09 09:00:00,672.0,0.0,63.0
2022-09-09 09:30:00,669.0,12.0,84.0
2022-09-09 10:00:00,435.0,237.0,122.0
2022-09-09 10:30:00,335.0,153.0,55.0
2022-09-09 11:00:00,87.0,1.0,20.0
2022-09-09 11:30:00,137.0,5.0,34.0
2022-09-09 12:00:00,95.0,31.0,26.0
2022-09-09 12:30:00,216.0,18.0,27.0
2022-09-09 13:00:00,1.0,1.0,1.0
2022-09-09 13:30:00,0.0,0.0,0.0
2022-09-09 14:00:00,0.0,0.0,0.0
2022-09-09 14:30:00,0.0,0.0,0.0
2022-09-09 15:00:00,0.0,0.0,0.0
2022-09-09 15:30:00,1.0,0.0,0.0
2022-09-10 00:00:00,0.0,0.0,0.0
2022-09-10 00:30:00,0.0,0.0,0.0
2022-09-10 01:00:00,0.0,0.0,0.0
2022-09-10 01:30:00,1.0,0.0,0.0
2022-09-10 02:00:00,0.0,0.0,0.0
2022-09-10 02:30:00,21.0,0.0,0.0
2022-09-10 03:00:00,831.0,0.0,52.0
2022-09-10 03:30:00,8.0,0.0,0.0
2022-09-10 04:00:00,111.0,1.0,0.0
2022-09-10 04:30:00,25.0,25.0,0.0
2022-09-10 05:00:00,65.0,0.0,22.0
2022-09-10 05:30:00,28.0,18.0,0.0
2022-09-10 06:00:00,64.0,6.0,46.0
2022-09-10 06:30:00,86.0,0.0,2.0
2022-09-10 07:00:00,113.0,0.0,46.0
2022-09-10 07:30:00,17.0,0.0,1.0
2022-09-10 08:00:00,11.0,6.0,0.0
2022-09-10 08:30:00,56.0,0.0,1.0
2022-09-10 09:00:00,61.0,1.0,13.0
2022-09-10 09:30:00,56.0,7.0,5.0
2022-09-10 10:00:00,26.0,0.0,0.0
2022-09-10 10:30:00,21.0,0.0,0.0
2022-09-10 11:00:00,0.0,0.0,0.0
2022-09-10 11:30:00,2.0,0.0,0.0
2022-09-10 12:00:00,26.0,0.0,26.0
2022-09-10 12:30:00,0.0,0.0,0.0
2022-09-10 13:00:00,5.0,5.0,2.0
2022-09-10 13:30:00,0.0,0.0,0.0
2022-09-10 14:00:00,0.0,0.0,0.0
2022-09-10 14:30:00,0.0,0.0,0.0
2022-09-10 15:00:00,0.0,0.0,0.0
2022-09-10 15:30:00,7.0,0.0,2.0
2022-09-11 00:00:00,0.0,0.0,0.0
2022-09-11 00:30:00,0.0,0.0,0.0
2022-09-11 01:00:00,0.0,0.0,0.0
2022-09-11 01:30:00,0.0,0.0,0.0
2022-09-11 02:00:00,0.0,0.0,0.0
2022-09-11 02:30:00,63.0,0.0,33.0
2022-09-11 03:00:00,308.0,117.0,46.0
2022-09-11 03:30:00,0.0,0.0,0.0
2022-09-11 04:00:00,14.0,14.0,14.0
2022-09-11 04:30:00,89.0,1.0,15.0
2022-09-11 05:00:00,31.0,0.0,6.0
2022-09-11 05:30:00,1173.0,0.0,91.0
2022-09-11 06:00:00,81.0,0.0,19.0
2022-09-11 06:30:00,19.0,3.0,2.0
2022-09-11 07:00:00,128.0,69.0,18.0
2022-09-11 07:30:00,14.0,0.0,4.0
2022-09-11 08:00:00,72.0,46.0,26.0
2022-09-11 08:30:00,36.0,36.0,36.0
2022-09-11 09:00:00,35.0,4.0,0.0
2022-09-11 09:30:00,445.0,0.0,168.0
2022-09-11 10:00:00,604.0,143.0,17.0
2022-09-11 10:30:00,3974.0,52.0,589.0
2022-09-11 11:00:00,9200.0,1378.0,1403.0
2022-09-11 11:30:00,10354.0,1877.0,1683.0
2022-09-11 12:00:00,8751.0,1831.0,1603.0
2022-09-11 12:30:00,4208.0,651.0,876.0
2022-09-11 13:00:00,1014.0,63.0,200.0
2022-09-11 13:30:00,0.0,0.0,0.0
2022-09-11 14:00:00,2.0,0.0,0.0
2022-09-11 14:30:00,0.0,0.0,0.0
2022-09-11 15:00:00,0.0,0.0,0.0
2022-09-11 15:30:00,0.0,0.0,0.0
2022-09-12 00:00:00,0.0,0.0,0.0
2022-09-12 00:30:00,0.0,0.0,0.0
2022-09-12 01:00:00,0.0,0.0,0.0
2022-09-12 01:30:00,0.0,0.0,0.0
2022-09-12 02:00:00,0.0,0.0,0.0
2022-09-12 02:30:00,2146.0,0.0,396.0
2022-09-12 03:00:00,6625.0,1093.0,1048.0
2022-09-12 03:30:00,7052.0,909.0,1236.0
2022-09-12 04:00:00,6675.0,1795.0,956.0
2022-09-12 04:30:00,8937.0,1204.0,1299.0
2022-09-12 05:00:00,8457.0,1587.0,1445.0
2022-09-12 05:30:00,1600.0,854.0,398.0
2022-09-12 06:00:00,5137.0,933.0,735.0
2022-09-12 06:30:00,6559.0,1382.0,1118.0
2022-09-12 07:00:00,8033.0,980.0,1211.0
2022-09-12 07:30:00,7814.0,1117.0,1569.0
2022-09-12 08:00:00,,,
2022-09-12 08:30:00,,,
2022-09-12 09:00:00,,,
2022-09-12 09:30:00,,,
2022-09-12 10:00:00,,,
2022-09-12 10:30:00,,,
2022-09-12 11:00:00,,,
2022-09-12 11:30:00,,,
2022-09-12 12:00:00,,,
2022-09-12 12:30:00,,,
2022-09-12 13:00:00,,,
2022-09-12 13:30:00,,,
2022-09-12 14:00:00,,,
2022-09-12 14:30:00,,,
2022-09-12 15:00:00,,,
2022-09-12 15:30:00,,,
2022-09-13 00:00:00,0.0,0.0,0.0
2022-09-13 00:30:00,0.0,0.0,0.0
2022-09-13 01:00:00,0.0,0.0,0.0
2022-09-13 01:30:00,0.0,0.0,0.0
2022-09-13 02:00:00,0.0,0.0,0.0
2022-09-13 02:30:00,474.0,0.0,10.0
2022-09-13 03:00:00,1353.0,44.0,262.0
2022-09-13 03:30:00,150.0,70.0,34.0
2022-09-13 04:00:00,20.0,2.0,16.0
2022-09-13 04:30:00,167.0,0.0,43.0
2022-09-13 05:00:00,177.0,40.0,35.0
2022-09-13 05:30:00,150.0,0.0,2.0
2022-09-13 06:00:00,133.0,0.0,2.0
2022-09-13 06:30:00,379.0,0.0,76.0
2022-09-13 07:00:00,889.0,24.0,166.0
2022-09-13 07:30:00,476.0,414.0,8.0
2022-09-13 08:00:00,220.0,9.0,2.0
2022-09-13 08:30:00,742.0,23.0,319.0
2022-09-13 09:00:00,152.0,27.0,18.0
2022-09-13 09:30:00,867.0,0.0,307.0
2022-09-13 10:00:00,730.0,181.0,171.0
2022-09-13 10:30:00,290.0,12.0,15.0
2022-09-13 11:00:00,1689.0,822.0,109.0
2022-09-13 11:30:00,67.0,0.0,13.0
2022-09-13 12:00:00,37.0,0.0,10.0
2022-09-13 12:30:00,37.0,0.0,0.0
2022-09-13 13:00:00,722.0,7.0,97.0
2022-09-13 13:30:00,0.0,0.0,0.0
2022-09-13 14:00:00,0.0,0.0,0.0
2022-09-13 14:30:00,0.0,0.0,0.0
2022-09-13 15:00:00,0.0,0.0,0.0
2022-09-13 15:30:00,0.0,0.0,0.0
2022-09-14 00:00:00,0.0,0.0,0.0
2022-09-14 00:30:00,0.0,0.0,0.0
2022-09-14 01:00:00,0.0,0.0,0.0
2022-09-14 01:30:00,0.0,0.0,0.0
2022-09-14 02:00:00,0.0,0.0,0.0
2022-09-14 02:30:00,137.0,0.0,21.0
2022-09-14 03:00:00,675.0,413.0,157.0
2022-09-14 03:30:00,550.0,81.0,58.0
2022-09-14 04:00:00,361.0,182.0,66.0
2022-09-14 04:30:00,27.0,1.0,0.0
2022-09-14 05:00:00,2.0,0.0,0.0
2022-09-14 05:30:00,126.0,0.0,0.0
2022-09-14 06:00:00,94.0,57.0,0.0
2022-09-14 06:30:00,66.0,5.0,10.0
2022-09-14 07:00:00,16.0,1.0,3.0
2022-09-14 07:30:00,88.0,27.0,18.0
2022-09-14 08:00:00,10.0,0.0,1.0
2022-09-14 08:30:00,29.0,2.0,20.0
2022-09-14 09:00:00,40.0,6.0,4.0
2022-09-14 09:30:00,275.0,0.0,98.0
2022-09-14 10:00:00,171.0,71.0,35.0
2022-09-14 10:30:00,145.0,1.0,37.0
2022-09-14 11:00:00,113.0,25.0,3.0
2022-09-14 11:30:00,6.0,0.0,0.0
2022-09-14 12:00:00,55.0,1.0,5.0
2022-09-14 12:30:00,189.0,6.0,6.0
2022-09-14 13:00:00,4.0,0.0,0.0
2022-09-14 13:30:00,0.0,0.0,0.0
2022-09-14 14:00:00,0.0,0.0,0.0
2022-09-14 14:30:00,0.0,0.0,0.0
2022-09-14 15:00:00,0.0,0.0,0.0
2022-09-14 15:30:00,0.0,0.0,0.0
2022-09-15 00:00:00,0.0,0.0,0.0
2022-09-15 00:30:00,1.0,1.0,0.0
2022-09-15 01:00:00,0.0,0.0,0.0
2022-09-15 01:30:00,0.0,0.0,0.0
2022-09-15 02:00:00,0.0,0.0,0.0
2022-09-15 02:30:00,326.0,0.0,0.0
2022-09-15 03:00:00,1440.0,848.0,264.0
2022-09-15 03:30:00,170.0,0.0,3.0
2022-09-15 04:00:00,11.0,0.0,0.0
2022-09-15 04:30:00,47.0,2.0,6.0
2022-09-15 05:00:00,68.0,0.0,14.0
2022-09-15 05:30:00,13.0,3.0,4.0
2022-09-15 06:00:00,12.0,0.0,12.0
2022-09-15 06:30:00,79.0,2.0,1.0
2022-09-15 07:00:00,42.0,0.0,0.0
2022-09-15 07:30:00,13.0,0.0,0.0
2022-09-15 08:00:00,25.0,10.0,0.0
2022-09-15 08:30:00,70.0,47.0,0.0
2022-09-15 09:00:00,57.0,1.0,19.0
2022-09-15 09:30:00,45.0,26.0,11.0
2022-09-15 10:00:00,12.0,0.0,9.0
2022-09-15 10:30:00,205.0,57.0,29.0
2022-09-15 11:00:00,8.0,0.0,0.0
2022-09-15 11:30:00,0.0,0.0,0.0
2022-09-15 12:00:00,171.0,13.0,0.0
2022-09-15 12:30:00,0.0,0.0,0.0
2022-09-15 13:00:00,22.0,0.0,22.0
2022-09-15 13:30:00,0.0,0.0,0.0
2022-09-15 14:00:00,0.0,0.0,0.0
2022-09-15 14:30:00,0.0,0.0,0.0
2022-09-15 15:00:00,0.0,0.0,0.0
2022-09-15 15:30:00,0.0,0.0,0.0
2022-09-16 00:00:00,0.0,0.0,0.0
2022-09-16 00:30:00,0.0,0.0,0.0
2022-09-16 01:00:00,0.0,0.0,0.0
2022-09-16 01:30:00,0.0,0.0,0.0
2022-09-16 02:00:00,0.0,0.0,0.0
2022-09-16 02:30:00,391.0,0.0,0.0
2022-09-16 03:00:00,572.0,222.0,0.0
2022-09-16 03:30:00,2.0,0.0,0.0
2022-09-16 04:00:00,42.0,0.0,1.0
2022-09-16 04:30:00,0.0,0.0,0.0
2022-09-16 05:00:00,15.0,0.0,0.0
2022-09-16 05:30:00,20.0,0.0,0.0
2022-09-16 06:00:00,114.0,111.0,49.0
2022-09-16 06:30:00,5.0,0.0,0.0
2022-09-16 07:00:00,0.0,0.0,0.0
2022-09-16 07:30:00,1.0,0.0,0.0
2022-09-16 08:00:00,6.0,0.0,0.0
2022-09-16 08:30:00,0.0,0.0,0.0
2022-09-16 09:00:00,0.0,0.0,0.0
2022-09-16 09:30:00,0.0,0.0,0.0
2022-09-16 10:00:00,0.0,0.0,0.0
2022-09-16 10:30:00,81.0,31.0,0.0
2022-09-16 11:00:00,8.0,0.0,1.0
2022-09-16 11:30:00,135.0,0.0,0.0
2022-09-16 12:00:00,0.0,0.0,0.0
2022-09-16 12:30:00,16.0,0.0,0.0
2022-09-16 13:00:00,18.0,18.0,0.0
2022-09-16 13:30:00,0.0,0.0,0.0
2022-09-16 14:00:00,0.0,0.0,0.0
2022-09-16 14:30:00,0.0,0.0,0.0
2022-09-16 15:00:00,0.0,0.0,0.0
2022-09-16 15:30:00,0.0,0.0,0.0
2022-09-17 00:00:00,0.0,0.0,0.0
2022-09-17 00:30:00,1.0,0.0,1.0
2022-09-17 01:00:00,0.0,0.0,0.0
2022-09-17 01:30:00,0.0,0.0,0.0
2022-09-17 02:00:00,1.0,0.0,0.0
2022-09-17 02:30:00,70.0,0.0,0.0
2022-09-17 03:00:00,1939.0,178.0,652.0
2022-09-17 03:30:00,299.0,51.0,15.0
2022-09-17 04:00:00,2476.0,0.0,618.0
2022-09-17 04:30:00,1203.0,57.0,148.0
2022-09-17 05:00:00,576.0,25.0,332.0
2022-09-17 05:30:00,97.0,3.0,10.0
2022-09-17 06:00:00,131.0,11.0,0.0
2022-09-17 06:30:00,123.0,5.0,0.0
2022-09-17 07:00:00,371.0,6.0,200.0
2022-09-17 07:30:00,286.0,21.0,57.0
2022-09-17 08:00:00,233.0,20.0,45.0
2022-09-17 08:30:00,272.0,41.0,39.0
2022-09-17 09:00:00,204.0,53.0,37.0
2022-09-17 09:30:00,0.0,0.0,0.0
2022-09-17 10:00:00,3.0,0.0,0.0
2022-09-17 10:30:00,30.0,30.0,0.0
2022-09-17 11:00:00,1.0,0.0,1.0
2022-09-17 11:30:00,0.0,0.0,0.0
2022-09-17 12:00:00,0.0,0.0,0.0
2022-09-17 12:30:00,0.0,0.0,0.0
2022-09-17 13:00:00,0.0,0.0,0.0
2022-09-17 13:30:00,0.0,0.0,0.0
2022-09-17 14:00:00,0.0,0.0,0.0
2022-09-17 14:30:00,1.0,0.0,0.0
2022-09-17 15:00:00,1.0,0.0,0.0
2022-09-17 15:30:00,0.0,0.0,0.0
2022-09-18 00:00:00,0.0,0.0,0.0
2022-09-18 00:30:00,0.0,0.0,0.0
2022-09-18 01:00:00,0.0,0.0,0.0
2022-09-18 01:30:00,0.0,0.0,0.0
2022-09-18 02:00:00,0.0,0.0,0.0
2022-09-18 02:30:00,193.0,0.0,0.0
2022-09-18 03:00:00,1146.0,498.0,67.0
2022-09-18 03:30:00,175.0,173.0,0.0
2022-09-18 04:00:00,147.0,73.0,1.0
2022-09-18 04:30:00,224.0,0.0,53.0
2022-09-18 05:00:00,45.0,14.0,3.0
2022-09-18 05:30:00,41.0,0.0,0.0
2022-09-18 06:00:00,30.0,0.0,12.0
2022-09-18 06:30:00,0.0,0.0,0.0
2022-09-18 07:00:00,2.0,0.0,0.0
2022-09-18 07:30:00,15.0,0.0,0.0
2022-09-18 08:00:00,6.0,0.0,0.0
2022-09-18 08:30:00,47.0,0.0,0.0
2022-09-18 09:00:00,0.0,0.0,0.0
2022-09-18 09:30:00,0.0,0.0,0.0
2022-09-18 10:00:00,155.0,0.0,2.0
2022-09-18 10:30:00,8.0,0.0,0.0
2022-09-18 11:00:00,5.0,0.0,0.0
2022-09-18 11:30:00,342.0,181.0,0.0
2022-09-18 12:00:00,50.0,50.0,0.0
2022-09-18 12:30:00,59.0,0.0,45.0
2022-09-18 13:00:00,7.0,7.0,0.0
2022-09-18 13:30:00,0.0,0.0,0.0
2022-09-18 14:00:00,0.0,0.0,0.0
2022-09-18 14:30:00,1.0,0.0,0.0
2022-09-18 15:00:00,0.0,0.0,0.0
2022-09-18 15:30:00,0.0,0.0,0.0
2022-09-19 00:00:00,0.0,0.0,0.0
2022-09-19 00:30:00,0.0,0.0,0.0
2022-09-19 01:00:00,0.0,0.0,0.0
2022-09-19 01:30:00,0.0,0.0,0.0
2022-09-19 02:00:00,0.0,0.0,0.0
2022-09-19 02:30:00,3462.0,0.0,447.0
2022-09-19 03:00:00,218.0,78.0,55.0
2022-09-19 03:30:00,4.0,0.0,3.0
2022-09-19 04:00:00,193.0,47.0,5.0
2022-09-19 04:30:00,116.0,94.0,99.0
2022-09-19 05:00:00,15.0,14.0,8.0
2022-09-19 05:30:00,1.0,0.0,0.0
2022-09-19 06:00:00,3.0,0.0,3.0
2022-09-19 06:30:00,22.0,0.0,3.0
2022-09-19 07:00:00,6.0,6.0,0.0
2022-09-19 07:30:00,16.0,0.0,0.0
2022-09-19 08:00:00,26.0,0.0,1.0
2022-09-19 08:30:00,16.0,0.0,0.0
2022-09-19 09:00:00,0.0,0.0,0.0
2022-09-19 09:30:00,7.0,7.0,0.0
2022-09-19 10:00:00,1.0,0.0,1.0
2022-09-19 10:30:00,0.0,0.0,0.0
2022-09-19 11:00:00,0.0,0.0,0.0
2022-09-19 11:30:00,32.0,4.0,0.0
2022-09-19 12:00:00,0.0,0.0,0.0
2022-09-19 12:30:00,10.0,0.0,7.0
2022-09-19 13:00:00,0.0,0.0,0.0
2022-09-19 13:30:00,0.0,0.0,0.0
2022-09-19 14:00:00,0.0,0.0,0.0
2022-09-19 14:30:00,0.0,0.0,0.0
2022-09-19 15:00:00,1.0,1.0,0.0
2022-09-19 15:30:00,0.0,0.0,0.0
2022-09-20 00:00:00,,,
2022-09-20 00:30:00,1.0,0.0,0.0
2022-09-20 01:00:00,0.0,0.0,0.0
2022-09-20 01:30:00,0.0,0.0,0.0
2022-09-20 02:00:00,0.0,0.0,0.0
2022-09-20 02:30:00,209.0,0.0,13.0
2022-09-20 03:00:00,350.0,94.0,37.0
2022-09-20 03:30:00,77.0,0.0,36.0
2022-09-20 04:00:00,62.0,0.0,19.0
2022-09-20 04:30:00,0.0,0.0,0.0
2022-09-20 05:00:00,3.0,1.0,2.0
2022-09-20 05:30:00,31.0,0.0,0.0
2022-09-20 06:00:00,51.0,0.0,0.0
2022-09-20 06:30:00,6.0,0.0,0.0
2022-09-20 07:00:00,56.0,0.0,15.0
2022-09-20 07:30:00,29.0,5.0,0.0
2022-09-20 08:00:00,58.0,28.0,5.0
2022-09-20 08:30:00,3.0,3.0,0.0
2022-09-20 09:00:00,14.0,13.0,0.0
2022-09-20 09:30:00,37.0,37.0,0.0
2022-09-20 10:00:00,8.0,0.0,0.0
2022-09-20 10:30:00,16.0,0.0,0.0
2022-09-20 11:00:00,1.0,0.0,0.0
2022-09-20 11:30:00,61.0,39.0,5.0
2022-09-20 12:00:00,48.0,1.0,0.0
2022-09-20 12:30:00,86.0,10.0,6.0
2022-09-20 13:00:00,25.0,0.0,22.0
2022-09-20 13:30:00,0.0,0.0,0.0
2022-09-20 14:00:00,0.0,0.0,0.0
2022-09-20 14:30:00,0.0,0.0,0.0
2022-09-20 15:00:00,3.0,0.0,0.0
2022-09-20 15:30:00,0.0,0.0,0.0
2022-09-21 00:00:00,0.0,0.0,0.0
2022-09-21 00:30:00,0.0,0.0,0.0
2022-09-21 01:00:00,0.0,0.0,0.0
2022-09-21 01:30:00,0.0,0.0,0.0
2022-09-21 02:00:00,0.0,0.0,0.0
2022-09-21 02:30:00,61.0,0.0,0.0
2022-09-21 03:00:00,1747.0,897.0,259.0
2022-09-21 03:30:00,123.0,61.0,47.0
2022-09-21 04:00:00,116.0,46.0,3.0
2022-09-21 04:30:00,21.0,0.0,21.0
2022-09-21 05:00:00,43.0,0.0,12.0
2022-09-21 05:30:00,38.0,1.0,23.0
2022-09-21 06:00:00,9.0,0.0,0.0
2022-09-21 06:30:00,210.0,0.0,55.0
2022-09-21 07:00:00,9.0,0.0,0.0
2022-09-21 07:30:00,32.0,0.0,14.0
2022-09-21 08:00:00,52.0,1.0,1.0
2022-09-21 08:30:00,61.0,37.0,0.0
2022-09-21 09:00:00,31.0,0.0,6.0
2022-09-21 09:30:00,47.0,0.0,0.0
2022-09-21 10:00:00,3.0,1.0,0.0
2022-09-21 10:30:00,10.0,0.0,0.0
2022-09-21 11:00:00,22.0,0.0,0.0
2022-09-21 11:30:00,0.0,0.0,0.0
2022-09-21 12:00:00,14.0,0.0,10.0
2022-09-21 12:30:00,2.0,2.0,1.0
2022-09-21 13:00:00,45.0,0.0,0.0
2022-09-21 13:30:00,0.0,0.0,0.0
2022-09-21 14:00:00,0.0,0.0,0.0
2022-09-21 14:30:00,0.0,0.0,0.0
2022-09-21 15:00:00,1.0,0.0,1.0
2022-09-21 15:30:00,0.0,0.0,0.0
2022-09-22 00:00:00,0.0,0.0,0.0
2022-09-22 00:30:00,0.0,0.0,0.0
2022-09-22 01:00:00,0.0,0.0,0.0
2022-09-22 01:30:00,0.0,0.0,0.0
2022-09-22 02:00:00,0.0,0.0,0.0
2022-09-22 02:30:00,170.0,0.0,1.0
2022-09-22 03:00:00,41.0,0.0,0.0
2022-09-22 03:30:00,79.0,3.0,3.0
2022-09-22 04:00:00,35.0,4.0,2.0
2022-09-22 04:30:00,15.0,14.0,14.0
2022-09-22 05:00:00,41.0,19.0,0.0
2022-09-22 05:30:00,7.0,0.0,0.0
2022-09-22 06:00:00,294.0,0.0,102.0
2022-09-22 06:30:00,861.0,74.0,225.0
2022-09-22 07:00:00,9162.0,1487.0,1504.0
2022-09-22 07:30:00,8471.0,1128.0,1482.0
2022-09-22 08:00:00,8875.0,1351.0,1539.0
2022-09-22 08:30:00,7792.0,977.0,1178.0
2022-09-22 09:00:00,8632.0,1537.0,1661.0
2022-09-22 09:30:00,8314.0,1515.0,1401.0
2022-09-22 10:00:00,8376.0,1471.0,1319.0
2022-09-22 10:30:00,8314.0,1043.0,1442.0
2022-09-22 11:00:00,7736.0,1383.0,1157.0
2022-09-22 11:30:00,9470.0,1584.0,1571.0
2022-09-22 12:00:00,8871.0,1108.0,1307.0
2022-09-22 12:30:00,8560.0,1393.0,1366.0
2022-09-22 13:00:00,6326.0,1294.0,1021.0
2022-09-22 13:30:00,990.0,988.0,314.0
2022-09-22 14:00:00,0.0,0.0,0.0
2022-09-22 14:30:00,0.0,0.0,0.0
2022-09-22 15:00:00,0.0,0.0,0.0
2022-09-22 15:30:00,0.0,0.0,0.0
2022-09-23 00:00:00,0.0,0.0,0.0
2022-09-23 00:30:00,0.0,0.0,0.0
2022-09-23 01:00:00,0.0,0.0,0.0
2022-09-23 01:30:00,0.0,0.0,0.0
2022-09-23 02:00:00,74.0,0.0,1.0
2022-09-23 02:30:00,4939.0,151.0,803.0
2022-09-23 03:00:00,5085.0,1224.0,958.0
2022-09-23 03:30:00,4036.0,706.0,489.0
2022-09-23 04:00:00,2710.0,1064.0,210.0
2022-09-23 04:30:00,2548.0,213.0,309.0
2022-09-23 05:00:00,5458.0,763.0,996.0
2022-09-23 05:30:00,6960.0,1331.0,862.0
2022-09-23 06:00:00,6630.0,1273.0,1205.0
2022-09-23 06:30:00,8435.0,1347.0,1380.0
2022-09-23 07:00:00,6460.0,1103.0,1025.0
2022-09-23 07:30:00,4042.0,1054.0,610.0
2022-09-23 08:00:00,2072.0,398.0,442.0
2022-09-23 08:30:00,2497.0,39.0,462.0
2022-09-23 09:00:00,1536.0,466.0,252.0
2022-09-23 09:30:00,554.0,72.0,109.0
2022-09-23 10:00:00,240.0,103.0,32.0
2022-09-23 10:30:00,1042.0,388.0,234.0
2022-09-23 11:00:00,1229.0,581.0,355.0
2022-09-23 11:30:00,5582.0,359.0,894.0
2022-09-23 12:00:00,1850.0,908.0,365.0
2022-09-23 12:30:00,2826.0,1069.0,428.0
2022-09-23 13:00:00,214.0,0.0,25.0
2022-09-23 13:30:00,1613.0,21.0,388.0
2022-09-23 14:00:00,0.0,0.0,0.0
2022-09-23 14:30:00,1.0,0.0,0.0
2022-09-23 15:00:00,0.0,0.0,0.0
2022-09-23 15:30:00,3.0,0.0,0.0
2022-09-24 00:00:00,1.0,0.0,0.0
2022-09-24 00:30:00,0.0,0.0,0.0
2022-09-24 01:00:00,0.0,0.0,0.0
2022-09-24 01:30:00,0.0,0.0,0.0
2022-09-24 02:00:00,23.0,0.0,0.0
2022-09-24 02:30:00,286.0,0.0,63.0
2022-09-24 03:00:00,29.0,29.0,0.0
2022-09-24 03:30:00,74.0,3.0,0.0
2022-09-24 04:00:00,38.0,1.0,8.0
2022-09-24 04:30:00,193.0,32.0,59.0
2022-09-24 05:00:00,153.0,1.0,6.0
2022-09-24 05:30:00,322.0,0.0,204.0
2022-09-24 06:00:00,72.0,25.0,0.0
2022-09-24 06:30:00,257.0,15.0,46.0
2022-09-24 07:00:00,515.0,105.0,69.0
2022-09-24 07:30:00,267.0,110.0,31.0
2022-09-24 08:00:00,161.0,153.0,32.0
2022-09-24 08:30:00,270.0,0.0,5.0
2022-09-24 09:00:00,346.0,2.0,18.0
2022-09-24 09:30:00,631.0,19.0,158.0
2022-09-24 10:00:00,1150.0,0.0,158.0
2022-09-24 10:30:00,1044.0,660.0,189.0
2022-09-24 11:00:00,272.0,99.0,135.0
2022-09-24 11:30:00,0.0,0.0,0.0
2022-09-24 12:00:00,0.0,0.0,0.0
2022-09-24 12:30:00,160.0,1.0,4.0
2022-09-24 13:00:00,451.0,50.0,67.0
2022-09-24 13:30:00,0.0,0.0,0.0
2022-09-24 14:00:00,1.0,0.0,0.0
2022-09-24 14:30:00,1.0,0.0,0.0
2022-09-24 15:00:00,0.0,0.0,0.0
2022-09-24 15:30:00,6.0,0.0,0.0
2022-09-25 00:00:00,3.0,0.0,3.0
2022-09-25 00:30:00,0.0,0.0,0.0
2022-09-25 01:00:00,0.0,0.0,0.0
2022-09-25 01:30:00,0.0,0.0,0.0
2022-09-25 02:00:00,1.0,0.0,0.0
2022-09-25 02:30:00,319.0,5.0,155.0
2022-09-25 03:00:00,1016.0,36.0,407.0
2022-09-25 03:30:00,1734.0,0.0,138.0
2022-09-25 04:00:00,217.0,189.0,0.0
2022-09-25 04:30:00,395.0,156.0,9.0
2022-09-25 05:00:00,8.0,4.0,0.0
2022-09-25 05:30:00,5.0,0.0,2.0
2022-09-25 06:00:00,212.0,61.0,21.0
2022-09-25 06:30:00,39.0,0.0,4.0
2022-09-25 07:00:00,2.0,1.0,0.0
2022-09-25 07:30:00,11.0,0.0,0.0
2022-09-25 08:00:00,2.0,0.0,0.0
2022-09-25 08:30:00,21.0,0.0,0.0
2022-09-25 09:00:00,0.0,0.0,0.0
2022-09-25 09:30:00,57.0,34.0,23.0
2022-09-25 10:00:00,1.0,0.0,0.0
2022-09-25 10:30:00,0.0,0.0,0.0
2022-09-25 11:00:00,56.0,3.0,0.0
2022-09-25 11:30:00,175.0,0.0,76.0
2022-09-25 12:00:00,221.0,0.0,100.0
2022-09-25 12:30:00,255.0,13.0,0.0
2022-09-25 13:00:00,73.0,0.0,11.0
2022-09-25 13:30:00,3.0,3.0,0.0
2022-09-25 14:00:00,0.0,0.0,0.0
2022-09-25 14:30:00,1.0,0.0,0.0
2022-09-25 15:00:00,1.0,0.0,0.0
2022-09-25 15:30:00,0.0,0.0,0.0
2022-09-26 00:00:00,1.0,0.0,0.0
2022-09-26 00:30:00,0.0,0.0,0.0
2022-09-26 01:00:00,0.0,0.0,0.0
2022-09-26 01:30:00,1.0,0.0,0.0
2022-09-26 02:00:00,0.0,0.0,0.0
2022-09-26 02:30:00,217.0,0.0,24.0
2022-09-26 03:00:00,558.0,173.0,169.0
2022-09-26 03:30:00,14.0,0.0,8.0
2022-09-26 04:00:00,114.0,17.0,0.0
2022-09-26 04:30:00,33.0,0.0,1.0
2022-09-26 05:00:00,38.0,31.0,1.0
2022-09-26 05:30:00,35.0,0.0,4.0
2022-09-26 06:00:00,240.0,9.0,42.0
2022-09-26 06:30:00,19.0,1.0,0.0
2022-09-26 07:00:00,3.0,0.0,1.0
2022-09-26 07:30:00,37.0,0.0,0.0
2022-09-26 08:00:00,32.0,11.0,0.0
2022-09-26 08:30:00,2.0,0.0,0.0
2022-09-26 09:00:00,82.0,28.0,13.0
2022-09-26 09:30:00,50.0,0.0,0.0
2022-09-26 10:00:00,311.0,235.0,0.0
2022-09-26 10:30:00,16.0,1.0,0.0
2022-09-26 11:00:00,2.0,0.0,2.0
2022-09-26 11:30:00,83.0,26.0,77.0
2022-09-26 12:00:00,0.0,0.0,0.0
2022-09-26 12:30:00,11.0,0.0,1.0
2022-09-26 13:00:00,5.0,0.0,0.0
2022-09-26 13:30:00,0.0,0.0,0.0
2022-09-26 14:00:00,0.0,0.0,0.0
2022-09-26 14:30:00,1.0,0.0,0.0
2022-09-26 15:00:00,0.0,0.0,0.0
2022-09-26 15:30:00,1.0,0.0,0.0
2022-09-27 00:00:00,0.0,0.0,0.0
2022-09-27 00:30:00,0.0,0.0,0.0
2022-09-27 01:00:00,0.0,0.0,0.0
2022-09-27 01:30:00,0.0,0.0,0.0
2022-09-27 02:00:00,0.0,0.0,0.0
2022-09-27 02:30:00,67.0,4.0,0.0
2022-09-27 03:00:00,1039.0,40.0,220.0
2022-09-27 03:30:00,9.0,2.0,1.0
2022-09-27 04:00:00,575.0,3.0,43.0
2022-09-27 04:30:00,1860.0,643.0,425.0
2022-09-27 05:00:00,1438.0,0.0,170.0
2022-09-27 05:30:00,980.0,25.0,280.0
2022-09-27 06:00:00,8.0,1.0,0.0
2022-09-27 06:30:00,2021.0,0.0,405.0
2022-09-27 07:00:00,2.0,1.0,1.0
2022-09-27 07:30:00,670.0,414.0,0.0
2022-09-27 08:00:00,163.0,0.0,10.0
2022-09-27 08:30:00,0.0,0.0,0.0
2022-09-27 09:00:00,353.0,0.0,1.0
2022-09-27 09:30:00,24.0,0.0,0.0
2022-09-27 10:00:00,236.0,0.0,73.0
2022-09-27 10:30:00,30.0,30.0,0.0
2022-09-27 11:00:00,0.0,0.0,0.0
2022-09-27 11:30:00,96.0,0.0,96.0
2022-09-27 12:00:00,0.0,0.0,0.0
2022-09-27 12:30:00,8.0,0.0,0.0
2022-09-27 13:00:00,4.0,0.0,3.0
2022-09-27 13:30:00,0.0,0.0,0.0
2022-09-27 14:00:00,0.0,0.0,0.0
2022-09-27 14:30:00,0.0,0.0,0.0
2022-09-27 15:00:00,0.0,0.0,0.0
2022-09-27 15:30:00,0.0,0.0,0.0
2022-09-28 00:00:00,0.0,0.0,0.0
2022-09-28 00:30:00,0.0,0.0,0.0
2022-09-28 01:00:00,0.0,0.0,0.0
2022-09-28 01:30:00,0.0,0.0,0.0
2022-09-28 02:00:00,615.0,0.0,0.0
2022-09-28 02:30:00,6908.0,853.0,1198.0
2022-09-28 03:00:00,4459.0,1119.0,869.0
2022-09-28 03:30:00,3676.0,127.0,608.0
2022-09-28 04:00:00,2521.0,144.0,153.0
2022-09-28 04:30:00,5160.0,890.0,858.0
2022-09-28 05:00:00,3611.0,61.0,347.0
2022-09-28 05:30:00,4383.0,909.0,584.0
2022-09-28 06:00:00,1659.0,422.0,429.0
2022-09-28 06:30:00,2846.0,963.0,889.0
2022-09-28 07:00:00,2103.0,470.0,449.0
2022-09-28 07:30:00,4360.0,103.0,886.0
2022-09-28 08:00:00,3896.0,1135.0,571.0
2022-09-28 08:30:00,6662.0,933.0,1007.0
2022-09-28 09:00:00,2722.0,739.0,334.0
2022-09-28 09:30:00,283.0,58.0,8.0
2022-09-28 10:00:00,504.0,77.0,162.0
2022-09-28 10:30:00,1419.0,730.0,428.0
2022-09-28 11:00:00,3706.0,55.0,760.0
2022-09-28 11:30:00,742.0,22.0,52.0
2022-09-28 12:00:00,11.0,10.0,0.0
2022-09-28 12:30:00,918.0,898.0,81.0
2022-09-28 13:00:00,797.0,0.0,283.0
2022-09-28 13:30:00,0.0,0.0,0.0
2022-09-28 14:00:00,0.0,0.0,0.0
2022-09-28 14:30:00,0.0,0.0,0.0
2022-09-28 15:00:00,0.0,0.0,0.0
2022-09-28 15:30:00,0.0,0.0,0.0
2022-09-29 00:00:00,0.0,0.0,0.0
2022-09-29 00:30:00,0.0,0.0,0.0
2022-09-29 01:00:00,0.0,0.0,0.0
2022-09-29 01:30:00,0.0,0.0,0.0
2022-09-29 02:00:00,1.0,0.0,0.0
2022-09-29 02:30:00,1398.0,28.0,30.0
2022-09-29 03:00:00,1055.0,24.0,38.0
2022-09-29 03:30:00,3679.0,0.0,584.0
2022-09-29 04:00:00,5026.0,1289.0,979.0
2022-09-29 04:30:00,1176.0,679.0,207.0
2022-09-29 05:00:00,44.0,33.0,0.0
2022-09-29 05:30:00,291.0,179.0,0.0
2022-09-29 06:00:00,0.0,0.0,0.0
2022-09-29 06:30:00,0.0,0.0,0.0
2022-09-29 07:00:00,0.0,0.0,0.0
2022-09-29 07:30:00,7.0,0.0,0.0
2022-09-29 08:00:00,3.0,0.0,3.0
2022-09-29 08:30:00,0.0,0.0,0.0
2022-09-29 09:00:00,1.0,0.0,0.0
2022-09-29 09:30:00,62.0,62.0,0.0
2022-09-29 10:00:00,39.0,23.0,0.0
2022-09-29 10:30:00,14.0,0.0,0.0
2022-09-29 11:00:00,50.0,0.0,0.0
2022-09-29 11:30:00,0.0,0.0,0.0
2022-09-29 12:00:00,34.0,0.0,0.0
2022-09-29 12:30:00,22.0,20.0,0.0
2022-09-29 13:00:00,28.0,0.0,1.0
2022-09-29 13:30:00,0.0,0.0,0.0
2022-09-29 14:00:00,0.0,0.0,0.0
2022-09-29 14:30:00,1.0,0.0,0.0
2022-09-29 15:00:00,1.0,0.0,0.0
2022-09-29 15:30:00,0.0,0.0,0.0
2022-09-30 00:00:00,0.0,0.0,0.0
2022-09-30 00:30:00,0.0,0.0,0.0
2022-09-30 01:00:00,0.0,0.0,0.0
2022-09-30 01:30:00,0.0,0.0,0.0
2022-09-30 02:00:00,0.0,0.0,0.0
2022-09-30 02:30:00,330.0,37.0,208.0
2022-09-30 03:00:00,279.0,0.0,4.0
2022-09-30 03:30:00,74.0,12.0,39.0
2022-09-30 04:00:00,137.0,136.0,0.0
2022-09-30 04:30:00,33.0,27.0,11.0
2022-09-30 05:00:00,21.0,0.0,0.0
2022-09-30 05:30:00,63.0,0.0,25.0
2022-09-30 06:00:00,45.0,0.0,39.0
2022-09-30 06:30:00,0.0,0.0,0.0
2022-09-30 07:00:00,0.0,0.0,0.0
2022-09-30 07:30:00,0.0,0.0,0.0
2022-09-30 08:00:00,15.0,0.0,0.0
2022-09-30 08:30:00,30.0,3.0,3.0
2022-09-30 09:00:00,0.0,0.0,0.0
2022-09-30 09:30:00,4.0,0.0,4.0
2022-09-30 10:00:00,216.0,0.0,100.0
2022-09-30 10:30:00,142.0,1.0,13.0
2022-09-30 11:00:00,163.0,14.0,20.0
2022-09-30 11:30:00,805.0,798.0,109.0
2022-09-30 12:00:00,14.0,0.0,1.0
2022-09-30 12:30:00,7.0,0.0,6.0
2022-09-30 13:00:00,32.0,0.0,12.0
2022-09-30 13:30:00,46.0,20.0,6.0
2022-09-30 14:00:00,0.0,0.0,0.0
2022-09-30 14:30:00,0.0,0.0,0.0
2022-09-30 15:00:00,1.0,0.0,0.0
2022-09-30 15:30:00,0.0,0.0,0.0
2022-10-01 00:00:00,0.0,0.0,0.0
2022-10-01 00:30:00,0.0,0.0,0.0
2022-10-01 01:00:00,0.0,0.0,0.0
2022-10-01 01:30:00,0.0,0.0,0.0
2022-10-01 02:00:00,41.0,0.0,0.0
2022-10-01 02:30:00,149.0,73.0,0.0
2022-10-01 03:00:00,296.0,148.0,93.0
2022-10-01 03:30:00,54.0,0.0,13.0
2022-10-01 04:00:00,357.0,6.0,76.0
2022-10-01 04:30:00,288.0,52.0,136.0
2022-10-01 05:00:00,369.0,135.0,53.0
2022-10-01 05:30:00,0.0,0.0,0.0
2022-10-01 06:00:00,16.0,0.0,0.0
2022-10-01 06:30:00,1.0,0.0,0.0
2022-10-01 07:00:00,1.0,0.0,0.0
2022-10-01 07:30:00,0.0,0.0,0.0
2022-10-01 08:00:00,1.0,0.0,0.0
2022-10-01 08:30:00,9.0,0.0,0.0
2022-10-01 09:00:00,6.0,0.0,0.0
2022-10-01 09:30:00,25.0,0.0,6.0
2022-10-01 10:00:00,0.0,0.0,0.0
2022-10-01 10:30:00,0.0,0.0,0.0
2022-10-01 11:00:00,6.0,0.0,0.0
2022-10-01 11:30:00,2.0,0.0,0.0
2022-10-01 12:00:00,60.0,0.0,37.0
2022-10-01 12:30:00,1.0,0.0,0.0
2022-10-01 13:00:00,0.0,0.0,0.0
2022-10-01 13:30:00,1.0,0.0,1.0
2022-10-01 14:00:00,2.0,0.0,1.0
2022-10-01 14:30:00,0.0,0.0,0.0
2022-10-01 15:00:00,0.0,0.0,0.0
2022-10-01 15:30:00,0.0,0.0,0.0
2022-10-02 00:00:00,0.0,0.0,0.0
2022-10-02 00:30:00,0.0,0.0,0.0
2022-10-02 01:00:00,0.0,0.0,0.0
2022-10-02 01:30:00,0.0,0.0,0.0
2022-10-02 02:00:00,47.0,0.0,16.0
2022-10-02 02:30:00,301.0,22.0,138.0
2022-10-02 03:00:00,336.0,0.0,0.0
2022-10-02 03:30:00,125.0,1.0,24.0
2022-10-02 04:00:00,42.0,0.0,0.0
2022-10-02 04:30:00,2.0,0.0,0.0
2022-10-02 05:00:00,22.0,0.0,0.0
2022-10-02 05:30:00,43.0,32.0,0.0
2022-10-02 06:00:00,0.0,0.0,0.0
2022-10-02 06:30:00,0.0,0.0,0.0
2022-10-02 07:00:00,76.0,0.0,0.0
2022-10-02 07:30:00,0.0,0.0,0.0
2022-10-02 08:00:00,0.0,0.0,0.0
2022-10-02 08:30:00,9.0,0.0,0.0
2022-10-02 09:00:00,0.0,0.0,0.0
2022-10-02 09:30:00,0.0,0.0,0.0
2022-10-02 10:00:00,0.0,0.0,0.0
2022-10-02 10:30:00,27.0,0.0,17.0
2022-10-02 11:00:00,44.0,0.0,1.0
2022-10-02 11:30:00,2.0,0.0,2.0
2022-10-02 12:00:00,0.0,0.0,0.0
2022-10-02 12:30:00,0.0,0.0,0.0
2022-10-02 13:00:00,0.0,0.0,0.0
2022-10-02 13:30:00,32.0,0.0,0.0
2022-10-02 14:00:00,0.0,0.0,0.0
2022-10-02 14:30:00,2.0,0.0,0.0
2022-10-02 15:00:00,0.0,0.0,0.0
2022-10-02 15:30:00,0.0,0.0,0.0
2022-10-03 00:00:00,0.0,0.0,0.0
2022-10-03 00:30:00,0.0,0.0,0.0
2022-10-03 01:00:00,0.0,0.0,0.0
2022-10-03 01:30:00,0.0,0.0,0.0
2022-10-03 02:00:00,172.0,0.0,10.0
2022-10-03 02:30:00,223.0,0.0,11.0
2022-10-03 03:00:00,2.0,0.0,2.0
2022-10-03 03:30:00,36.0,33.0,0.0
2022-10-03 04:00:00,2.0,2.0,0.0
2022-10-03 04:30:00,1.0,0.0,0.0
2022-10-03 05:00:00,30.0,0.0,0.0
2022-10-03 05:30:00,1.0,0.0,1.0
2022-10-03 06:00:00,24.0,0.0,0.0
2022-10-03 06:30:00,0.0,0.0,0.0
2022-10-03 07:00:00,0.0,0.0,0.0
2022-10-03 07:30:00,9.0,9.0,0.0
2022-10-03 08:00:00,82.0,0.0,0.0
2022-10-03 08:30:00,0.0,0.0,0.0
2022-10-03 09:00:00,5.0,0.0,0.0
2022-10-03 09:30:00,97.0,0.0,65.0
2022-10-03 10:00:00,0.0,0.0,0.0
2022-10-03 10:30:00,19.0,0.0,19.0
2022-10-03 11:00:00,12.0,0.0,0.0
2022-10-03 11:30:00,1.0,1.0,0.0
2022-10-03 12:00:00,0.0,0.0,0.0
2022-10-03 12:30:00,0.0,0.0,0.0
2022-10-03 13:00:00,6.0,0.0,1.0
2022-10-03 13:30:00,0.0,0.0,0.0
2022-10-03 14:00:00,0.0,0.0,0.0
2022-10-03 14:30:00,0.0,0.0,0.0
2022-10-03 15:00:00,1.0,0.0,0.0
2022-10-03 15:30:00,0.0,0.0,0.0
2022-10-04 00:00:00,0.0,0.0,0.0
2022-10-04 00:30:00,0.0,0.0,0.0
2022-10-04 01:00:00,0.0,0.0,0.0
2022-10-04 01:30:00,0.0,0.0,0.0
2022-10-04 02:00:00,241.0,0.0,0.0
2022-10-04 02:30:00,519.0,18.0,29.0
2022-10-04 03:00:00,99.0,4.0,8.0
2022-10-04 03:30:00,14.0,0.0,0.0
2022-10-04 04:00:00,0.0,0.0,0.0
2022-10-04 04:30:00,5.0,2.0,0.0
2022-10-04 05:00:00,52.0,35.0,0.0
2022-10-04 05:30:00,25.0,0.0,0.0
2022-10-04 06:00:00,0.0,0.0,0.0
2022-10-04 06:30:00,149.0,0.0,0.0
2022-10-04 07:00:00,14.0,0.0,0.0
2022-10-04 07:30:00,0.0,0.0,0.0
2022-10-04 08:00:00,1.0,0.0,0.0
2022-10-04 08:30:00,35.0,3.0,17.0
2022-10-04 09:00:00,42.0,12.0,0.0
2022-10-04 09:30:00,17.0,0.0,0.0
2022-10-04 10:00:00,56.0,0.0,0.0
2022-10-04 10:30:00,32.0,32.0,0.0
2022-10-04 11:00:00,26.0,26.0,0.0
2022-10-04 11:30:00,62.0,0.0,0.0
2022-10-04 12:00:00,48.0,7.0,41.0
2022-10-04 12:30:00,226.0,0.0,50.0
2022-10-04 13:00:00,95.0,14.0,3.0
2022-10-04 13:30:00,,,
2022-10-04 14:00:00,0.0,0.0,0.0
2022-10-04 14:30:00,0.0,0.0,0.0
2022-10-04 15:00:00,0.0,0.0,0.0
2022-10-04 15:30:00,0.0,0.0,0.0
2022-10-05 00:00:00,0.0,0.0,0.0
2022-10-05 00:30:00,0.0,0.0,0.0
2022-10-05 01:00:00,0.0,0.0,0.0
2022-10-05 01:30:00,0.0,0.0,0.0
2022-10-05 02:00:00,7.0,0.0,0.0
2022-10-05 02:30:00,90.0,90.0,90.0
2022-10-05 03:00:00,34.0,0.0,19.0
2022-10-05 03:30:00,122.0,33.0,0.0
2022-10-05 04:00:00,6.0,0.0,1.0
2022-10-05 04:30:00,29.0,2.0,0.0
2022-10-05 05:00:00,0.0,0.0,0.0
2022-10-05 05:30:00,4.0,0.0,0.0
2022-10-05 06:00:00,23.0,12.0,0.0
2022-10-05 06:30:00,0.0,0.0,0.0
2022-10-05 07:00:00,22.0,22.0,0.0
2022-10-05 07:30:00,33.0,0.0,0.0
2022-10-05 08:00:00,976.0,0.0,292.0
2022-10-05 08:30:00,110.0,0.0,4.0
2022-10-05 09:00:00,399.0,95.0,170.0
2022-10-05 09:30:00,587.0,8.0,179.0
2022-10-05 10:00:00,107.0,40.0,40.0
2022-10-05 10:30:00,127.0,0.0,6.0
2022-10-05 11:00:00,316.0,15.0,19.0
2022-10-05 11:30:00,152.0,40.0,62.0
2022-10-05 12:00:00,243.0,59.0,71.0
2022-10-05 12:30:00,3.0,0.0,0.0
2022-10-05 13:00:00,31.0,0.0,0.0
2022-10-05 13:30:00,2.0,0.0,0.0
2022-10-05 14:00:00,1.0,0.0,0.0
2022-10-05 14:30:00,0.0,0.0,0.0
2022-10-05 15:00:00,0.0,0.0,0.0
2022-10-05 15:30:00,0.0,0.0,0.0
2022-10-06 00:00:00,0.0,0.0,0.0
2022-10-06 00:30:00,0.0,0.0,0.0
2022-10-06 01:00:00,0.0,0.0,0.0
2022-10-06 01:30:00,0.0,0.0,0.0
2022-10-06 02:00:00,585.0,0.0,38.0
2022-10-06 02:30:00,545.0,81.0,123.0
2022-10-06 03:00:00,592.0,42.0,62.0
2022-10-06 03:30:00,236.0,0.0,46.0
2022-10-06 04:00:00,158.0,85.0,42.0
2022-10-06 04:30:00,0.0,0.0,0.0
2022-10-06 05:00:00,3.0,2.0,0.0
2022-10-06 05:30:00,0.0,0.0,0.0
2022-10-06 06:00:00,8.0,7.0,0.0
2022-10-06 06:30:00,0.0,0.0,0.0
2022-10-06 07:00:00,0.0,0.0,0.0
2022-10-06 07:30:00,0.0,0.0,0.0
2022-10-06 08:00:00,0.0,0.0,0.0
2022-10-06 08:30:00,0.0,0.0,0.0
2022-10-06 09:00:00,0.0,0.0,0.0
2022-10-06 09:30:00,0.0,0.0,0.0
2022-10-06 10:00:00,0.0,0.0,0.0
2022-10-06 10:30:00,60.0,13.0,22.0
2022-10-06 11:00:00,18.0,0.0,0.0
2022-10-06 11:30:00,29.0,26.0,0.0
2022-10-06 12:00:00,13.0,0.0,1.0
2022-10-06 12:30:00,77.0,0.0,56.0
2022-10-06 13:00:00,4.0,0.0,0.0
2022-10-06 13:30:00,0.0,0.0,0.0
2022-10-06 14:00:00,0.0,0.0,0.0
2022-10-06 14:30:00,0.0,0.0,0.0
2022-10-06 15:00:00,3.0,0.0,0.0
2022-10-06 15:30:00,0.0,0.0,0.0
2022-10-07 00:00:00,0.0,0.0,0.0
2022-10-07 00:30:00,0.0,0.0,0.0
2022-10-07 01:00:00,0.0,0.0,0.0
2022-10-07 01:30:00,0.0,0.0,0.0
2022-10-07 02:00:00,261.0,0.0,63.0
2022-10-07 02:30:00,727.0,31.0,56.0
2022-10-07 03:00:00,995.0,316.0,194.0
2022-10-07 03:30:00,81.0,0.0,0.0
2022-10-07 04:00:00,36.0,0.0,0.0
2022-10-07 04:30:00,381.0,7.0,59.0
2022-10-07 05:00:00,277.0,40.0,77.0
2022-10-07 05:30:00,33.0,0.0,0.0
2022-10-07 06:00:00,92.0,58.0,0.0
2022-10-07 06:30:00,3.0,0.0,0.0
2022-10-07 07:00:00,0.0,0.0,0.0
2022-10-07 07:30:00,0.0,0.0,0.0
2022-10-07 08:00:00,0.0,0.0,0.0
2022-10-07 08:30:00,0.0,0.0,0.0
2022-10-07 09:00:00,0.0,0.0,0.0
2022-10-07 09:30:00,87.0,0.0,0.0
2022-10-07 10:00:00,606.0,0.0,151.0
2022-10-07 10:30:00,19.0,0.0,0.0
2022-10-07 11:00:00,101.0,0.0,46.0
2022-10-07 11:30:00,20.0,20.0,0.0
2022-10-07 12:00:00,39.0,0.0,0.0
2022-10-07 12:30:00,0.0,0.0,0.0
2022-10-07 13:00:00,0.0,0.0,0.0
2022-10-07 13:30:00,0.0,0.0,0.0
2022-10-07 14:00:00,1.0,0.0,0.0
2022-10-07 14:30:00,1.0,0.0,1.0
2022-10-07 15:00:00,3.0,1.0,0.0
2022-10-07 15:30:00,1.0,0.0,0.0
2022-10-08 00:00:00,0.0,0.0,0.0
2022-10-08 00:30:00,0.0,0.0,0.0
2022-10-08 01:00:00,0.0,0.0,0.0
2022-10-08 01:30:00,0.0,0.0,0.0
2022-10-08 02:00:00,36.0,0.0,0.0
2022-10-08 02:30:00,417.0,15.0,31.0
2022-10-08 03:00:00,280.0,52.0,9.0
2022-10-08 03:30:00,61.0,6.0,0.0
2022-10-08 04:00:00,0.0,0.0,0.0
2022-10-08 04:30:00,1.0,0.0,0.0
2022-10-08 05:00:00,0.0,0.0,0.0
2022-10-08 05:30:00,0.0,0.0,0.0
2022-10-08 06:00:00,0.0,0.0,0.0
2022-10-08 06:30:00,0.0,0.0,0.0
2022-10-08 07:00:00,0.0,0.0,0.0
2022-10-08 07:30:00,0.0,0.0,0.0
2022-10-08 08:00:00,0.0,0.0,0.0
2022-10-08 08:30:00,25.0,0.0,0.0
2022-10-08 09:00:00,0.0,0.0,0.0
2022-10-08 09:30:00,3.0,0.0,0.0
2022-10-08 10:00:00,162.0,0.0,101.0
2022-10-08 10:30:00,0.0,0.0,0.0
2022-10-08 11:00:00,0.0,0.0,0.0
2022-10-08 11:30:00,63.0,0.0,0.0
2022-10-08 12:00:00,22.0,0.0,0.0
2022-10-08 12:30:00,64.0,0.0,0.0
2022-10-08 13:00:00,0.0,0.0,0.0
2022-10-08 13:30:00,0.0,0.0,0.0
2022-10-08 14:00:00,0.0,0.0,0.0
2022-10-08 14:30:00,1.0,0.0,1.0
2022-10-08 15:00:00,0.0,0.0,0.0
2022-10-08 15:30:00,0.0,0.0,0.0
2022-10-09 00:00:00,0.0,0.0,0.0
2022-10-09 00:30:00,0.0,0.0,0.0
2022-10-09 01:00:00,0.0,0.0,0.0
2022-10-09 01:30:00,0.0,0.0,0.0
2022-10-09 02:00:00,408.0,0.0,97.0
2022-10-09 02:30:00,109.0,65.0,23.0
2022-10-09 03:00:00,4.0,0.0,0.0
2022-10-09 03:30:00,44.0,0.0,0.0
2022-10-09 04:00:00,0.0,0.0,0.0
2022-10-09 04:30:00,0.0,0.0,0.0
2022-10-09 05:00:00,0.0,0.0,0.0
2022-10-09 05:30:00,0.0,0.0,0.0
2022-10-09 06:00:00,0.0,0.0,0.0
2022-10-09 06:30:00,0.0,0.0,0.0
2022-10-09 07:00:00,0.0,0.0,0.0
2022-10-09 07:30:00,3.0,0.0,0.0
2022-10-09 08:00:00,0.0,0.0,0.0
2022-10-09 08:30:00,0.0,0.0,0.0
2022-10-09 09:00:00,16.0,0.0,0.0
2022-10-09 09:30:00,5.0,0.0,0.0
2022-10-09 10:00:00,0.0,0.0,0.0
2022-10-09 10:30:00,21.0,3.0,0.0
2022-10-09 11:00:00,30.0,0.0,0.0
2022-10-09 11:30:00,115.0,0.0,39.0
2022-10-09 12:00:00,13.0,0.0,4.0
2022-10-09 12:30:00,0.0,0.0,0.0
2022-10-09 13:00:00,2.0,0.0,0.0
2022-10-09 13:30:00,0.0,0.0,0.0
2022-10-09 14:00:00,0.0,0.0,0.0
2022-10-09 14:30:00,0.0,0.0,0.0
2022-10-09 15:00:00,0.0,0.0,0.0
2022-10-09 15:30:00,0.0,0.0,0.0
2022-10-10 00:00:00,0.0,0.0,0.0
2022-10-10 00:30:00,0.0,0.0,0.0
2022-10-10 01:00:00,0.0,0.0,0.0
2022-10-10 01:30:00,0.0,0.0,0.0
2022-10-10 02:00:00,106.0,0.0,1.0
2022-10-10 02:30:00,59.0,9.0,0.0
2022-10-10 03:00:00,43.0,24.0,11.0
2022-10-10 03:30:00,6.0,0.0,0.0
2022-10-10 04:00:00,0.0,0.0,0.0
2022-10-10 04:30:00,0.0,0.0,0.0
2022-10-10 05:00:00,2.0,0.0,2.0
2022-10-10 05:30:00,5.0,0.0,0.0
2022-10-10 06:00:00,0.0,0.0,0.0
2022-10-10 06:30:00,2.0,0.0,2.0
2022-10-10 07:00:00,1.0,0.0,0.0
2022-10-10 07:30:00,0.0,0.0,0.0
2022-10-10 08:00:00,1.0,0.0,0.0
2022-10-10 08:30:00,0.0,0.0,0.0
2022-10-10 09:00:00,0.0,0.0,0.0
2022-10-10 09:30:00,2.0,0.0,0.0
2022-10-10 10:00:00,56.0,0.0,0.0
2022-10-10 10:30:00,33.0,26.0,0.0
2022-10-10 11:00:00,0.0,0.0,0.0
2022-10-10 11:30:00,23.0,14.0,7.0
2022-10-10 12:00:00,25.0,0.0,0.0
2022-10-10 12:30:00,0.0,0.0,0.0
2022-10-10 13:00:00,12.0,0.0,4.0
2022-10-10 13:30:00,,,
2022-10-10 14:00:00,,,
2022-10-10 14:30:00,,,
2022-10-10 15:00:00,,,
2022-10-10 15:30:00,,,
2022-10-11 00:00:00,1.0,0.0,0.0
2022-10-11 00:30:00,0.0,0.0,0.0
2022-10-11 01:00:00,0.0,0.0,0.0
2022-10-11 01:30:00,0.0,0.0,0.0
2022-10-11 02:00:00,66.0,0.0,14.0
2022-10-11 02:30:00,76.0,51.0,7.0
2022-10-11 03:00:00,450.0,0.0,110.0
2022-10-11 03:30:00,38.0,34.0,31.0
2022-10-11 04:00:00,98.0,1.0,51.0
2022-10-11 04:30:00,357.0,37.0,53.0
2022-10-11 05:00:00,38.0,2.0,0.0
2022-10-11 05:30:00,529.0,70.0,154.0
2022-10-11 06:00:00,370.0,2.0,69.0
2022-10-11 06:30:00,915.0,100.0,230.0
2022-10-11 07:00:00,566.0,76.0,122.0
2022-10-11 07:30:00,322.0,27.0,83.0
2022-10-11 08:00:00,142.0,0.0,8.0
2022-10-11 08:30:00,130.0,6.0,46.0
2022-10-11 09:00:00,130.0,37.0,36.0
2022-10-11 09:30:00,0.0,0.0,0.0
2022-10-11 10:00:00,0.0,0.0,0.0
2022-10-11 10:30:00,15.0,14.0,0.0
2022-10-11 11:00:00,15.0,0.0,0.0
2022-10-11 11:30:00,9.0,9.0,0.0
2022-10-11 12:00:00,0.0,0.0,0.0
2022-10-11 12:30:00,0.0,0.0,0.0
2022-10-11 13:00:00,0.0,0.0,0.0
2022-10-11 13:30:00,1.0,0.0,0.0
2022-10-11 14:00:00,1.0,0.0,0.0
2022-10-11 14:30:00,0.0,0.0,0.0
2022-10-11 15:00:00,0.0,0.0,0.0
2022-10-11 15:30:00,0.0,0.0,0.0
2022-10-12 00:00:00,0.0,0.0,0.0
2022-10-12 00:30:00,0.0,0.0,0.0
2022-10-12 01:00:00,0.0,0.0,0.0
2022-10-12 01:30:00,0.0,0.0,0.0
2022-10-12 02:00:00,86.0,0.0,0.0
2022-10-12 02:30:00,23.0,0.0,0.0
2022-10-12 03:00:00,0.0,0.0,0.0
2022-10-12 03:30:00,16.0,0.0,0.0
2022-10-12 04:00:00,0.0,0.0,0.0
2022-10-12 04:30:00,42.0,0.0,21.0
2022-10-12 05:00:00,27.0,0.0,0.0
2022-10-12 05:30:00,0.0,0.0,0.0
2022-10-12 06:00:00,4.0,0.0,0.0
2022-10-12 06:30:00,0.0,0.0,0.0
2022-10-12 07:00:00,0.0,0.0,0.0
2022-10-12 07:30:00,16.0,0.0,0.0
2022-10-12 08:00:00,21.0,0.0,0.0
2022-10-12 08:30:00,0.0,0.0,0.0
2022-10-12 09:00:00,0.0,0.0,0.0
2022-10-12 09:30:00,0.0,0.0,0.0
2022-10-12 10:00:00,88.0,0.0,0.0
2022-10-12 10:30:00,36.0,27.0,0.0
2022-10-12 11:00:00,0.0,0.0,0.0
2022-10-12 11:30:00,0.0,0.0,0.0
2022-10-12 12:00:00,0.0,0.0,0.0
2022-10-12 12:30:00,0.0,0.0,0.0
2022-10-12 13:00:00,0.0,0.0,0.0
2022-10-12 13:30:00,0.0,0.0,0.0
2022-10-12 14:00:00,2.0,2.0,0.0
2022-10-12 14:30:00,0.0,0.0,0.0
2022-10-12 15:00:00,0.0,0.0,0.0
2022-10-12 15:30:00,3.0,0.0,0.0
2022-10-13 00:00:00,0.0,0.0,0.0
2022-10-13 00:30:00,0.0,0.0,0.0
2022-10-13 01:00:00,0.0,0.0,0.0
2022-10-13 01:30:00,0.0,0.0,0.0
2022-10-13 02:00:00,57.0,0.0,6.0
2022-10-13 02:30:00,106.0,21.0,3.0
2022-10-13 03:00:00,35.0,0.0,0.0
2022-10-13 03:30:00,68.0,0.0,0.0
2022-10-13 04:00:00,0.0,0.0,0.0
2022-10-13 04:30:00,0.0,0.0,0.0
2022-10-13 05:00:00,32.0,0.0,0.0
2022-10-13 05:30:00,0.0,0.0,0.0
2022-10-13 06:00:00,0.0,0.0,0.0
2022-10-13 06:30:00,0.0,0.0,0.0
2022-10-13 07:00:00,1.0,0.0,0.0
2022-10-13 07:30:00,0.0,0.0,0.0
2022-10-13 08:00:00,0.0,0.0,0.0
2022-10-13 08:30:00,0.0,0.0,0.0
2022-10-13 09:00:00,0.0,0.0,0.0
2022-10-13 09:30:00,0.0,0.0,0.0
2022-10-13 10:00:00,0.0,0.0,0.0
2022-10-13 10:30:00,0.0,0.0,0.0
2022-10-13 11:00:00,0.0,0.0,0.0
2022-10-13 11:30:00,0.0,0.0,0.0
2022-10-13 12:00:00,0.0,0.0,0.0
2022-10-13 12:30:00,0.0,0.0,0.0
2022-10-13 13:00:00,0.0,0.0,0.0
2022-10-13 13:30:00,0.0,0.0,0.0
2022-10-13 14:00:00,0.0,0.0,0.0
2022-10-13 14:30:00,1.0,0.0,0.0
2022-10-13 15:00:00,1.0,1.0,1.0
2022-10-13 15:30:00,0.0,0.0,0.0
2022-10-14 00:00:00,0.0,0.0,0.0
2022-10-14 00:30:00,0.0,0.0,0.0
2022-10-14 01:00:00,0.0,0.0,0.0
2022-10-14 01:30:00,43.0,0.0,0.0
2022-10-14 02:00:00,134.0,34.0,13.0
2022-10-14 02:30:00,6.0,0.0,0.0
2022-10-14 03:00:00,0.0,0.0,0.0
2022-10-14 03:30:00,6.0,0.0,6.0
2022-10-14 04:00:00,0.0,0.0,0.0
2022-10-14 04:30:00,0.0,0.0,0.0
2022-10-14 05:00:00,0.0,0.0,0.0
2022-10-14 05:30:00,0.0,0.0,0.0
2022-10-14 06:00:00,0.0,0.0,0.0
2022-10-14 06:30:00,11.0,0.0,0.0
2022-10-14 07:00:00,0.0,0.0,0.0
2022-10-14 07:30:00,0.0,0.0,0.0
2022-10-14 08:00:00,0.0,0.0,0.0
2022-10-14 08:30:00,0.0,0.0,0.0
2022-10-14 09:00:00,0.0,0.0,0.0
2022-10-14 09:30:00,0.0,0.0,0.0
2022-10-14 10:00:00,0.0,0.0,0.0
2022-10-14 10:30:00,0.0,0.0,0.0
2022-10-14 11:00:00,0.0,0.0,0.0
2022-10-14 11:30:00,0.0,0.0,0.0
2022-10-14 12:00:00,0.0,0.0,0.0
2022-10-14 12:30:00,0.0,0.0,0.0
2022-10-14 13:00:00,0.0,0.0,0.0
2022-10-14 13:30:00,0.0,0.0,0.0
2022-10-14 14:00:00,2.0,1.0,0.0
2022-10-14 14:30:00,0.0,0.0,0.0
2022-10-14 15:00:00,0.0,0.0,0.0
2022-10-14 15:30:00,0.0,0.0,0.0
2022-10-15 00:00:00,0.0,0.0,0.0
2022-10-15 00:30:00,0.0,0.0,0.0
2022-10-15 01:00:00,0.0,0.0,0.0
2022-10-15 01:30:00,0.0,0.0,0.0
2022-10-15 02:00:00,17.0,3.0,0.0
2022-10-15 02:30:00,7.0,7.0,0.0
2022-10-15 03:00:00,14.0,14.0,0.0
2022-10-15 03:30:00,11.0,0.0,0.0
2022-10-15 04:00:00,1.0,0.0,0.0
2022-10-15 04:30:00,110.0,0.0,2.0
2022-10-15 05:00:00,0.0,0.0,0.0
2022-10-15 05:30:00,54.0,0.0,0.0
2022-10-15 06:00:00,26.0,0.0,0.0
2022-10-15 06:30:00,0.0,0.0,0.0
2022-10-15 07:00:00,10.0,0.0,0.0
2022-10-15 07:30:00,0.0,0.0,0.0
2022-10-15 08:00:00,32.0,0.0,31.0
2022-10-15 08:30:00,2.0,0.0,0.0
2022-10-15 09:00:00,15.0,0.0,0.0
2022-10-15 09:30:00,6.0,0.0,0.0
2022-10-15 10:00:00,10.0,1.0,1.0
2022-10-15 10:30:00,0.0,0.0,0.0
2022-10-15 11:00:00,0.0,0.0,0.0
2022-10-15 11:30:00,0.0,0.0,0.0
2022-10-15 12:00:00,0.0,0.0,0.0
2022-10-15 12:30:00,0.0,0.0,0.0
2022-10-15 13:00:00,0.0,0.0,0.0
2022-10-15 13:30:00,0.0,0.0,0.0
2022-10-15 14:00:00,0.0,0.0,0.0
2022-10-15 14:30:00,0.0,0.0,0.0
2022-10-15 15:00:00,0.0,0.0,0.0
2022-10-15 15:30:00,0.0,0.0,0.0
2022-10-16 00:00:00,0.0,0.0,0.0
2022-10-16 00:30:00,0.0,0.0,0.0
2022-10-16 01:00:00,0.0,0.0,0.0
2022-10-16 01:30:00,51.0,0.0,0.0
2022-10-16 02:00:00,153.0,83.0,4.0
2022-10-16 02:30:00,6.0,0.0,4.0
2022-10-16 03:00:00,1.0,0.0,0.0
2022-10-16 03:30:00,0.0,0.0,0.0
2022-10-16 04:00:00,0.0,0.0,0.0
2022-10-16 04:30:00,0.0,0.0,0.0
2022-10-16 05:00:00,25.0,0.0,0.0
2022-10-16 05:30:00,0.0,0.0,0.0
2022-10-16 06:00:00,0.0,0.0,0.0
2022-10-16 06:30:00,25.0,0.0,0.0
2022-10-16 07:00:00,0.0,0.0,0.0
2022-10-16 07:30:00,1.0,0.0,1.0
2022-10-16 08:00:00,7.0,0.0,0.0
2022-10-16 08:30:00,23.0,2.0,0.0
2022-10-16 09:00:00,0.0,0.0,0.0
2022-10-16 09:30:00,8.0,0.0,0.0
2022-10-16 10:00:00,4.0,4.0,0.0
2022-10-16 10:30:00,0.0,0.0,0.0
2022-10-16 11:00:00,0.0,0.0,0.0
2022-10-16 11:30:00,13.0,0.0,0.0
2022-10-16 12:00:00,27.0,0.0,11.0
2022-10-16 12:30:00,0.0,0.0,0.0
2022-10-16 13:00:00,0.0,0.0,0.0
2022-10-16 13:30:00,0.0,0.0,0.0
2022-10-16 14:00:00,0.0,0.0,0.0
2022-10-16 14:30:00,0.0,0.0,0.0
2022-10-16 15:00:00,0.0,0.0,0.0
2022-10-16 15:30:00,1.0,0.0,1.0
2022-10-17 00:00:00,0.0,0.0,0.0
2022-10-17 00:30:00,0.0,0.0,0.0
2022-10-17 01:00:00,0.0,0.0,0.0
2022-10-17 01:30:00,184.0,0.0,102.0
2022-10-17 02:00:00,1205.0,57.0,48.0
2022-10-17 02:30:00,2724.0,361.0,599.0
2022-10-17 03:00:00,1986.0,151.0,273.0
2022-10-17 03:30:00,5438.0,1117.0,1031.0
2022-10-17 04:00:00,1701.0,491.0,502.0
2022-10-17 04:30:00,1368.0,157.0,295.0
2022-10-17 05:00:00,1118.0,514.0,57.0
2022-10-17 05:30:00,280.0,54.0,42.0
2022-10-17 06:00:00,217.0,80.0,38.0
2022-10-17 06:30:00,781.0,21.0,72.0
2022-10-17 07:00:00,1215.0,62.0,220.0
2022-10-17 07:30:00,1842.0,431.0,231.0
2022-10-17 08:00:00,852.0,348.0,141.0
2022-10-17 08:30:00,664.0,48.0,127.0
2022-10-17 09:00:00,1244.0,0.0,315.0
2022-10-17 09:30:00,123.0,62.0,0.0
2022-10-17 10:00:00,188.0,2.0,1.0
2022-10-17 10:30:00,0.0,0.0,0.0
2022-10-17 11:00:00,154.0,0.0,0.0
2022-10-17 11:30:00,694.0,334.0,138.0
2022-10-17 12:00:00,116.0,93.0,0.0
2022-10-17 12:30:00,89.0,23.0,0.0
2022-10-17 13:00:00,87.0,0.0,5.0
2022-10-17 13:30:00,638.0,118.0,205.0
2022-10-17 14:00:00,0.0,0.0,0.0
2022-10-17 14:30:00,0.0,0.0,0.0
2022-10-17 15:00:00,0.0,0.0,0.0
2022-10-17 15:30:00,0.0,0.0,0.0
